status,category,page,locale,node,text,source,href
extracted,contact,/condizioni-di-utilizzo,it,dom:body:nth-of-type(1)>footer:nth-of-type(1)>section:nth-of-type(1)>div:nth-of-type(1)>div:nth-of-type(1)>div:nth-of-type(1)>div:nth-of-type(8)>address:nth-of-type(1)>a:nth-of-type(1),Numero verde: 800 174 206,raw/published/html/6a97db25519800ebff25b9f2.html,
extracted,contact,/condizioni-di-utilizzo,it,dom:body:nth-of-type(1)>div:nth-of-type(5)>div:nth-of-type(1)>a:nth-of-type(1)>div:nth-of-type(1)>div:nth-of-type(1),Avvia chat su WhatsApp,raw/published/html/6a97db25519800ebff25b9f2.html,
extracted,contact-or-sedation-link,/condizioni-di-utilizzo,it,dom:body:nth-of-type(1)>div:nth-of-type(1)>div:nth-of-type(1)>div:nth-of-type(1)>nav:nth-of-type(1)>div:nth-of-type(2)>div:nth-of-type(1)>nav:nth-of-type(1)>div:nth-of-type(1)>div:nth-of-type(1)>a:nth-of-type(5), Sedazione cosciente,raw/published/html/6a97db25519800ebff25b9f2.html,/prestazioni/sedazione-cosciente
extracted,contact-or-sedation-link,/condizioni-di-utilizzo,it,dom:body:nth-of-type(1)>footer:nth-of-type(1)>section:nth-of-type(1)>div:nth-of-type(1)>div:nth-of-type(1)>div:nth-of-type(1)>div:nth-of-type(2)>a:nth-of-type(8),Sedazione cosciente,raw/published/html/6a97db25519800ebff25b9f2.html,/prestazioni/sedazione-cosciente
extracted,contact-or-sedation-link,/condizioni-di-utilizzo,it,dom:body:nth-of-type(1)>footer:nth-of-type(1)>section:nth-of-type(1)>div:nth-of-type(1)>div:nth-of-type(1)>div:nth-of-type(1)>div:nth-of-type(8)>address:nth-of-type(1)>a:nth-of-type(1),Numero verde: 800 174 206,raw/published/html/6a97db25519800ebff25b9f2.html,tel:800174206
extracted,contact-or-sedation-link,/condizioni-di-utilizzo,it,dom:body:nth-of-type(1)>footer:nth-of-type(1)>section:nth-of-type(1)>div:nth-of-type(1)>div:nth-of-type(1)>div:nth-of-type(1)>div:nth-of-type(8)>address:nth-of-type(1)>a:nth-of-type(2),Tel. +385 51 688 380,raw/published/html/6a97db25519800ebff25b9f2.html,tel:+38551688380
extracted,contact-or-sedation-link,/condizioni-di-utilizzo,it,dom:body:nth-of-type(1)>footer:nth-of-type(1)>section:nth-of-type(1)>div:nth-of-type(1)>div:nth-of-type(1)>div:nth-of-type(1)>div:nth-of-type(8)>address:nth-of-type(1)>a:nth-of-type(3),it@dentvitalis.com,raw/published/html/6a97db25519800ebff25b9f2.html,mailto:it@dentvitalis.com
extracted,contact-or-sedation-link,/condizioni-di-utilizzo,it,dom:body:nth-of-type(1)>div:nth-of-type(5)>div:nth-of-type(1)>a:nth-of-type(1),Avvia chat su WhatsApp,raw/published/html/6a97db25519800ebff25b9f2.html,https://api.whatsapp.com/send?phone=+ADDNUMBERHERE
extracted,contact,/informativa-sulla-privacy,it,dom:body:nth-of-type(1)>footer:nth-of-type(1)>section:nth-of-type(1)>div:nth-of-type(1)>div:nth-of-type(1)>div:nth-of-type(1)>div:nth-of-type(8)>address:nth-of-type(1)>a:nth-of-type(1),Numero verde: 800 174 206,raw/published/html/6a97db259aad9ee4bb4bd328.html,
extracted,contact,/informativa-sulla-privacy,it,dom:body:nth-of-type(1)>div:nth-of-type(5)>div:nth-of-type(1)>a:nth-of-type(1)>div:nth-of-type(1)>div:nth-of-type(1),Avvia chat su WhatsApp,raw/published/html/6a97db259aad9ee4bb4bd328.html,
extracted,contact-or-sedation-link,/informativa-sulla-privacy,it,dom:body:nth-of-type(1)>div:nth-of-type(1)>div:nth-of-type(1)>div:nth-of-type(1)>nav:nth-of-type(1)>div:nth-of-type(2)>div:nth-of-type(1)>nav:nth-of-type(1)>div:nth-of-type(1)>div:nth-of-type(1)>a:nth-of-type(5), Sedazione cosciente,raw/published/html/6a97db259aad9ee4bb4bd328.html,/prestazioni/sedazione-cosciente
extracted,contact-or-sedation-link,/informativa-sulla-privacy,it,dom:body:nth-of-type(1)>footer:nth-of-type(1)>section:nth-of-type(1)>div:nth-of-type(1)>div:nth-of-type(1)>div:nth-of-type(1)>div:nth-of-type(2)>a:nth-of-type(8),Sedazione cosciente,raw/published/html/6a97db259aad9ee4bb4bd328.html,/prestazioni/sedazione-cosciente
extracted,contact-or-sedation-link,/informativa-sulla-privacy,it,dom:body:nth-of-type(1)>footer:nth-of-type(1)>section:nth-of-type(1)>div:nth-of-type(1)>div:nth-of-type(1)>div:nth-of-type(1)>div:nth-of-type(8)>address:nth-of-type(1)>a:nth-of-type(1),Numero verde: 800 174 206,raw/published/html/6a97db259aad9ee4bb4bd328.html,tel:800174206
extracted,contact-or-sedation-link,/informativa-sulla-privacy,it,dom:body:nth-of-type(1)>footer:nth-of-type(1)>section:nth-of-type(1)>div:nth-of-type(1)>div:nth-of-type(1)>div:nth-of-type(1)>div:nth-of-type(8)>address:nth-of-type(1)>a:nth-of-type(2),Tel. +385 51 688 380,raw/published/html/6a97db259aad9ee4bb4bd328.html,tel:+38551688380
extracted,contact-or-sedation-link,/informativa-sulla-privacy,it,dom:body:nth-of-type(1)>footer:nth-of-type(1)>section:nth-of-type(1)>div:nth-of-type(1)>div:nth-of-type(1)>div:nth-of-type(1)>div:nth-of-type(8)>address:nth-of-type(1)>a:nth-of-type(3),it@dentvitalis.com,raw/published/html/6a97db259aad9ee4bb4bd328.html,mailto:it@dentvitalis.com
extracted,contact-or-sedation-link,/informativa-sulla-privacy,it,dom:body:nth-of-type(1)>div:nth-of-type(5)>div:nth-of-type(1)>a:nth-of-type(1),Avvia chat su WhatsApp,raw/published/html/6a97db259aad9ee4bb4bd328.html,https://api.whatsapp.com/send?phone=+ADDNUMBERHERE
extracted,contact,/informazioni-per-pazienti,it,dom:body:nth-of-type(1)>div:nth-of-type(3)>div:nth-of-type(2)>div:nth-of-type(1)>div:nth-of-type(1)>div:nth-of-type(1)>p:nth-of-type(1)>a:nth-of-type(1),800 174 206,raw/published/html/6a8d7da66a4b3462ca3f0a23.html,
extracted,contact,/informazioni-per-pazienti,it,dom:body:nth-of-type(1)>footer:nth-of-type(1)>section:nth-of-type(1)>div:nth-of-type(1)>div:nth-of-type(1)>div:nth-of-type(1)>div:nth-of-type(8)>address:nth-of-type(1)>a:nth-of-type(1),Numero verde: 800 174 206,raw/published/html/6a8d7da66a4b3462ca3f0a23.html,
extracted,contact,/informazioni-per-pazienti,it,dom:body:nth-of-type(1)>div:nth-of-type(4)>div:nth-of-type(1)>a:nth-of-type(1)>div:nth-of-type(1)>div:nth-of-type(1),Avvia chat su WhatsApp,raw/published/html/6a8d7da66a4b3462ca3f0a23.html,
extracted,contact-or-sedation-link,/informazioni-per-pazienti,it,dom:body:nth-of-type(1)>div:nth-of-type(1)>div:nth-of-type(1)>div:nth-of-type(1)>nav:nth-of-type(1)>div:nth-of-type(2)>div:nth-of-type(1)>nav:nth-of-type(1)>div:nth-of-type(1)>div:nth-of-type(1)>a:nth-of-type(5), Sedazione cosciente,raw/published/html/6a8d7da66a4b3462ca3f0a23.html,/prestazioni/sedazione-cosciente
extracted,contact-or-sedation-link,/informazioni-per-pazienti,it,dom:body:nth-of-type(1)>div:nth-of-type(3)>div:nth-of-type(2)>div:nth-of-type(1)>div:nth-of-type(1)>div:nth-of-type(1)>p:nth-of-type(1)>a:nth-of-type(1),800 174 206,raw/published/html/6a8d7da66a4b3462ca3f0a23.html,tel:800174206
extracted,contact-or-sedation-link,/informazioni-per-pazienti,it,dom:body:nth-of-type(1)>footer:nth-of-type(1)>section:nth-of-type(1)>div:nth-of-type(1)>div:nth-of-type(1)>div:nth-of-type(1)>div:nth-of-type(2)>a:nth-of-type(8),Sedazione cosciente,raw/published/html/6a8d7da66a4b3462ca3f0a23.html,/prestazioni/sedazione-cosciente
extracted,contact-or-sedation-link,/informazioni-per-pazienti,it,dom:body:nth-of-type(1)>footer:nth-of-type(1)>section:nth-of-type(1)>div:nth-of-type(1)>div:nth-of-type(1)>div:nth-of-type(1)>div:nth-of-type(8)>address:nth-of-type(1)>a:nth-of-type(1),Numero verde: 800 174 206,raw/published/html/6a8d7da66a4b3462ca3f0a23.html,tel:800174206
extracted,contact-or-sedation-link,/informazioni-per-pazienti,it,dom:body:nth-of-type(1)>footer:nth-of-type(1)>section:nth-of-type(1)>div:nth-of-type(1)>div:nth-of-type(1)>div:nth-of-type(1)>div:nth-of-type(8)>address:nth-of-type(1)>a:nth-of-type(2),Tel. +385 51 688 380,raw/published/html/6a8d7da66a4b3462ca3f0a23.html,tel:+38551688380
extracted,contact-or-sedation-link,/informazioni-per-pazienti,it,dom:body:nth-of-type(1)>footer:nth-of-type(1)>section:nth-of-type(1)>div:nth-of-type(1)>div:nth-of-type(1)>div:nth-of-type(1)>div:nth-of-type(8)>address:nth-of-type(1)>a:nth-of-type(3),it@dentvitalis.com,raw/published/html/6a8d7da66a4b3462ca3f0a23.html,mailto:it@dentvitalis.com
extracted,contact-or-sedation-link,/informazioni-per-pazienti,it,dom:body:nth-of-type(1)>div:nth-of-type(4)>div:nth-of-type(1)>a:nth-of-type(1),Avvia chat su WhatsApp,raw/published/html/6a8d7da66a4b3462ca3f0a23.html,https://api.whatsapp.com/send?phone=+ADDNUMBERHERE
extracted,distance,/chi-siamo,it,dom:body:nth-of-type(1)>section:nth-of-type(1)>div:nth-of-type(2)>div:nth-of-type(1)>div:nth-of-type(1)>div:nth-of-type(1)>div:nth-of-type(3)>div:nth-of-type(2)>div:nth-of-type(1)>p:nth-of-type(1),"Siamo a Rijeka (Fiume), in Croazia, a soli 60 km da Trieste. Trasferimento gratuito.",raw/published/html/6a8d7da585ba860c0b521829.html,
extracted,contact,/chi-siamo,it,dom:body:nth-of-type(1)>footer:nth-of-type(1)>section:nth-of-type(1)>div:nth-of-type(1)>div:nth-of-type(1)>div:nth-of-type(1)>div:nth-of-type(8)>address:nth-of-type(1)>a:nth-of-type(1),Numero verde: 800 174 206,raw/published/html/6a8d7da585ba860c0b521829.html,
extracted,contact,/chi-siamo,it,dom:body:nth-of-type(1)>div:nth-of-type(4)>div:nth-of-type(1)>a:nth-of-type(1)>div:nth-of-type(1)>div:nth-of-type(1),Avvia chat su WhatsApp,raw/published/html/6a8d7da585ba860c0b521829.html,
extracted,contact-or-sedation-link,/chi-siamo,it,dom:body:nth-of-type(1)>div:nth-of-type(1)>div:nth-of-type(1)>div:nth-of-type(1)>nav:nth-of-type(1)>div:nth-of-type(2)>div:nth-of-type(1)>nav:nth-of-type(1)>div:nth-of-type(1)>div:nth-of-type(1)>a:nth-of-type(5), Sedazione cosciente,raw/published/html/6a8d7da585ba860c0b521829.html,/prestazioni/sedazione-cosciente
extracted,contact-or-sedation-link,/chi-siamo,it,dom:body:nth-of-type(1)>footer:nth-of-type(1)>section:nth-of-type(1)>div:nth-of-type(1)>div:nth-of-type(1)>div:nth-of-type(1)>div:nth-of-type(2)>a:nth-of-type(8),Sedazione cosciente,raw/published/html/6a8d7da585ba860c0b521829.html,/prestazioni/sedazione-cosciente
extracted,contact-or-sedation-link,/chi-siamo,it,dom:body:nth-of-type(1)>footer:nth-of-type(1)>section:nth-of-type(1)>div:nth-of-type(1)>div:nth-of-type(1)>div:nth-of-type(1)>div:nth-of-type(8)>address:nth-of-type(1)>a:nth-of-type(1),Numero verde: 800 174 206,raw/published/html/6a8d7da585ba860c0b521829.html,tel:800174206
extracted,contact-or-sedation-link,/chi-siamo,it,dom:body:nth-of-type(1)>footer:nth-of-type(1)>section:nth-of-type(1)>div:nth-of-type(1)>div:nth-of-type(1)>div:nth-of-type(1)>div:nth-of-type(8)>address:nth-of-type(1)>a:nth-of-type(2),Tel. +385 51 688 380,raw/published/html/6a8d7da585ba860c0b521829.html,tel:+38551688380
extracted,contact-or-sedation-link,/chi-siamo,it,dom:body:nth-of-type(1)>footer:nth-of-type(1)>section:nth-of-type(1)>div:nth-of-type(1)>div:nth-of-type(1)>div:nth-of-type(1)>div:nth-of-type(8)>address:nth-of-type(1)>a:nth-of-type(3),it@dentvitalis.com,raw/published/html/6a8d7da585ba860c0b521829.html,mailto:it@dentvitalis.com
extracted,contact-or-sedation-link,/chi-siamo,it,dom:body:nth-of-type(1)>div:nth-of-type(4)>div:nth-of-type(1)>a:nth-of-type(1),Avvia chat su WhatsApp,raw/published/html/6a8d7da585ba860c0b521829.html,https://api.whatsapp.com/send?phone=+ADDNUMBERHERE
extracted,price,/prestazioni-dentali,it,dom:body:nth-of-type(1)>section:nth-of-type(1)>div:nth-of-type(2)>div:nth-of-type(1)>div:nth-of-type(1)>div:nth-of-type(1)>div:nth-of-type(1)>div:nth-of-type(2)>div:nth-of-type(2)>div:nth-of-type(1)>div:nth-of-type(1),Prezzo fisso a 2.990 €,raw/published/html/6a8d7da5fff15c0449d670e2.html,
extracted,price,/prestazioni-dentali,it,dom:body:nth-of-type(1)>section:nth-of-type(1)>div:nth-of-type(2)>div:nth-of-type(1)>div:nth-of-type(1)>div:nth-of-type(1)>div:nth-of-type(2)>div:nth-of-type(2)>div:nth-of-type(2)>div:nth-of-type(1)>div:nth-of-type(1),Prezzo fisso a 4.990 €,raw/published/html/6a8d7da5fff15c0449d670e2.html,
extracted,price,/prestazioni-dentali,it,dom:body:nth-of-type(1)>section:nth-of-type(1)>div:nth-of-type(2)>div:nth-of-type(1)>div:nth-of-type(1)>div:nth-of-type(1)>div:nth-of-type(3)>div:nth-of-type(2)>div:nth-of-type(2)>div:nth-of-type(1)>div:nth-of-type(1)>strong:nth-of-type(1),Prezzo fisso a 250 €,raw/published/html/6a8d7da5fff15c0449d670e2.html,
extracted,price,/prestazioni-dentali,it,dom:body:nth-of-type(1)>section:nth-of-type(1)>div:nth-of-type(2)>div:nth-of-type(1)>div:nth-of-type(1)>div:nth-of-type(1)>div:nth-of-type(4)>div:nth-of-type(2)>div:nth-of-type(2)>div:nth-of-type(1)>div:nth-of-type(1),A partire da 220 €,raw/published/html/6a8d7da5fff15c0449d670e2.html,
extracted,contact,/prestazioni-dentali,it,dom:body:nth-of-type(1)>footer:nth-of-type(1)>section:nth-of-type(1)>div:nth-of-type(1)>div:nth-of-type(1)>div:nth-of-type(1)>div:nth-of-type(8)>address:nth-of-type(1)>a:nth-of-type(1),Numero verde: 800 174 206,raw/published/html/6a8d7da5fff15c0449d670e2.html,
extracted,contact,/prestazioni-dentali,it,dom:body:nth-of-type(1)>div:nth-of-type(4)>div:nth-of-type(1)>a:nth-of-type(1)>div:nth-of-type(1)>div:nth-of-type(1),Avvia chat su WhatsApp,raw/published/html/6a8d7da5fff15c0449d670e2.html,
extracted,contact-or-sedation-link,/prestazioni-dentali,it,dom:body:nth-of-type(1)>div:nth-of-type(1)>div:nth-of-type(1)>div:nth-of-type(1)>nav:nth-of-type(1)>div:nth-of-type(2)>div:nth-of-type(1)>nav:nth-of-type(1)>div:nth-of-type(1)>div:nth-of-type(1)>a:nth-of-type(5), Sedazione cosciente,raw/published/html/6a8d7da5fff15c0449d670e2.html,/prestazioni/sedazione-cosciente
extracted,contact-or-sedation-link,/prestazioni-dentali,it,dom:body:nth-of-type(1)>section:nth-of-type(1)>div:nth-of-type(2)>div:nth-of-type(1)>div:nth-of-type(1)>div:nth-of-type(1)>div:nth-of-type(5)>div:nth-of-type(2)>div:nth-of-type(1)>a:nth-of-type(1),Sedazione cosciente,raw/published/html/6a8d7da5fff15c0449d670e2.html,/prestazioni/sedazione-cosciente
extracted,contact-or-sedation-link,/prestazioni-dentali,it,dom:body:nth-of-type(1)>section:nth-of-type(1)>div:nth-of-type(2)>div:nth-of-type(1)>div:nth-of-type(1)>div:nth-of-type(1)>div:nth-of-type(5)>div:nth-of-type(2)>div:nth-of-type(2)>a:nth-of-type(1),↗,raw/published/html/6a8d7da5fff15c0449d670e2.html,/prestazioni/sedazione-cosciente
extracted,contact-or-sedation-link,/prestazioni-dentali,it,dom:body:nth-of-type(1)>footer:nth-of-type(1)>section:nth-of-type(1)>div:nth-of-type(1)>div:nth-of-type(1)>div:nth-of-type(1)>div:nth-of-type(2)>a:nth-of-type(8),Sedazione cosciente,raw/published/html/6a8d7da5fff15c0449d670e2.html,/prestazioni/sedazione-cosciente
extracted,contact-or-sedation-link,/prestazioni-dentali,it,dom:body:nth-of-type(1)>footer:nth-of-type(1)>section:nth-of-type(1)>div:nth-of-type(1)>div:nth-of-type(1)>div:nth-of-type(1)>div:nth-of-type(8)>address:nth-of-type(1)>a:nth-of-type(1),Numero verde: 800 174 206,raw/published/html/6a8d7da5fff15c0449d670e2.html,tel:800174206
extracted,contact-or-sedation-link,/prestazioni-dentali,it,dom:body:nth-of-type(1)>footer:nth-of-type(1)>section:nth-of-type(1)>div:nth-of-type(1)>div:nth-of-type(1)>div:nth-of-type(1)>div:nth-of-type(8)>address:nth-of-type(1)>a:nth-of-type(2),Tel. +385 51 688 380,raw/published/html/6a8d7da5fff15c0449d670e2.html,tel:+38551688380
extracted,contact-or-sedation-link,/prestazioni-dentali,it,dom:body:nth-of-type(1)>footer:nth-of-type(1)>section:nth-of-type(1)>div:nth-of-type(1)>div:nth-of-type(1)>div:nth-of-type(1)>div:nth-of-type(8)>address:nth-of-type(1)>a:nth-of-type(3),it@dentvitalis.com,raw/published/html/6a8d7da5fff15c0449d670e2.html,mailto:it@dentvitalis.com
extracted,contact-or-sedation-link,/prestazioni-dentali,it,dom:body:nth-of-type(1)>div:nth-of-type(4)>div:nth-of-type(1)>a:nth-of-type(1),Avvia chat su WhatsApp,raw/published/html/6a8d7da5fff15c0449d670e2.html,https://api.whatsapp.com/send?phone=+ADDNUMBERHERE
extracted,contact,/informazioni/trasporto,it,dom:body:nth-of-type(1)>footer:nth-of-type(1)>section:nth-of-type(1)>div:nth-of-type(1)>div:nth-of-type(1)>div:nth-of-type(1)>div:nth-of-type(8)>address:nth-of-type(1)>a:nth-of-type(1),Numero verde: 800 174 206,raw/published/html/696f4a9a3d82954cb43ac683.html,
extracted,contact,/informazioni/trasporto,it,dom:body:nth-of-type(1)>div:nth-of-type(5)>div:nth-of-type(1)>a:nth-of-type(1)>div:nth-of-type(1)>div:nth-of-type(1),Avvia chat su WhatsApp,raw/published/html/696f4a9a3d82954cb43ac683.html,
extracted,contact-or-sedation-link,/informazioni/trasporto,it,dom:body:nth-of-type(1)>div:nth-of-type(1)>div:nth-of-type(1)>div:nth-of-type(1)>nav:nth-of-type(1)>div:nth-of-type(2)>div:nth-of-type(1)>nav:nth-of-type(1)>div:nth-of-type(1)>div:nth-of-type(1)>a:nth-of-type(5), Sedazione cosciente,raw/published/html/696f4a9a3d82954cb43ac683.html,/prestazioni/sedazione-cosciente
extracted,contact-or-sedation-link,/informazioni/trasporto,it,dom:body:nth-of-type(1)>footer:nth-of-type(1)>section:nth-of-type(1)>div:nth-of-type(1)>div:nth-of-type(1)>div:nth-of-type(1)>div:nth-of-type(2)>a:nth-of-type(8),Sedazione cosciente,raw/published/html/696f4a9a3d82954cb43ac683.html,/prestazioni/sedazione-cosciente
extracted,contact-or-sedation-link,/informazioni/trasporto,it,dom:body:nth-of-type(1)>footer:nth-of-type(1)>section:nth-of-type(1)>div:nth-of-type(1)>div:nth-of-type(1)>div:nth-of-type(1)>div:nth-of-type(8)>address:nth-of-type(1)>a:nth-of-type(1),Numero verde: 800 174 206,raw/published/html/696f4a9a3d82954cb43ac683.html,tel:800174206
extracted,contact-or-sedation-link,/informazioni/trasporto,it,dom:body:nth-of-type(1)>footer:nth-of-type(1)>section:nth-of-type(1)>div:nth-of-type(1)>div:nth-of-type(1)>div:nth-of-type(1)>div:nth-of-type(8)>address:nth-of-type(1)>a:nth-of-type(2),Tel. +385 51 688 380,raw/published/html/696f4a9a3d82954cb43ac683.html,tel:+38551688380
extracted,contact-or-sedation-link,/informazioni/trasporto,it,dom:body:nth-of-type(1)>footer:nth-of-type(1)>section:nth-of-type(1)>div:nth-of-type(1)>div:nth-of-type(1)>div:nth-of-type(1)>div:nth-of-type(8)>address:nth-of-type(1)>a:nth-of-type(3),it@dentvitalis.com,raw/published/html/696f4a9a3d82954cb43ac683.html,mailto:it@dentvitalis.com
extracted,contact-or-sedation-link,/informazioni/trasporto,it,dom:body:nth-of-type(1)>div:nth-of-type(5)>div:nth-of-type(1)>a:nth-of-type(1),Avvia chat su WhatsApp,raw/published/html/696f4a9a3d82954cb43ac683.html,https://api.whatsapp.com/send?phone=+ADDNUMBERHERE
extracted,contact,/informazioni/alloggio,it,dom:body:nth-of-type(1)>footer:nth-of-type(1)>section:nth-of-type(1)>div:nth-of-type(1)>div:nth-of-type(1)>div:nth-of-type(1)>div:nth-of-type(8)>address:nth-of-type(1)>a:nth-of-type(1),Numero verde: 800 174 206,raw/published/html/696f49d7f343717fcadfcf28.html,
extracted,contact,/informazioni/alloggio,it,dom:body:nth-of-type(1)>div:nth-of-type(5)>div:nth-of-type(1)>a:nth-of-type(1)>div:nth-of-type(1)>div:nth-of-type(1),Avvia chat su WhatsApp,raw/published/html/696f49d7f343717fcadfcf28.html,
extracted,contact-or-sedation-link,/informazioni/alloggio,it,dom:body:nth-of-type(1)>div:nth-of-type(1)>div:nth-of-type(1)>div:nth-of-type(1)>nav:nth-of-type(1)>div:nth-of-type(2)>div:nth-of-type(1)>nav:nth-of-type(1)>div:nth-of-type(1)>div:nth-of-type(1)>a:nth-of-type(5), Sedazione cosciente,raw/published/html/696f49d7f343717fcadfcf28.html,/prestazioni/sedazione-cosciente
extracted,contact-or-sedation-link,/informazioni/alloggio,it,dom:body:nth-of-type(1)>footer:nth-of-type(1)>section:nth-of-type(1)>div:nth-of-type(1)>div:nth-of-type(1)>div:nth-of-type(1)>div:nth-of-type(2)>a:nth-of-type(8),Sedazione cosciente,raw/published/html/696f49d7f343717fcadfcf28.html,/prestazioni/sedazione-cosciente
extracted,contact-or-sedation-link,/informazioni/alloggio,it,dom:body:nth-of-type(1)>footer:nth-of-type(1)>section:nth-of-type(1)>div:nth-of-type(1)>div:nth-of-type(1)>div:nth-of-type(1)>div:nth-of-type(8)>address:nth-of-type(1)>a:nth-of-type(1),Numero verde: 800 174 206,raw/published/html/696f49d7f343717fcadfcf28.html,tel:800174206
extracted,contact-or-sedation-link,/informazioni/alloggio,it,dom:body:nth-of-type(1)>footer:nth-of-type(1)>section:nth-of-type(1)>div:nth-of-type(1)>div:nth-of-type(1)>div:nth-of-type(1)>div:nth-of-type(8)>address:nth-of-type(1)>a:nth-of-type(2),Tel. +385 51 688 380,raw/published/html/696f49d7f343717fcadfcf28.html,tel:+38551688380
extracted,contact-or-sedation-link,/informazioni/alloggio,it,dom:body:nth-of-type(1)>footer:nth-of-type(1)>section:nth-of-type(1)>div:nth-of-type(1)>div:nth-of-type(1)>div:nth-of-type(1)>div:nth-of-type(8)>address:nth-of-type(1)>a:nth-of-type(3),it@dentvitalis.com,raw/published/html/696f49d7f343717fcadfcf28.html,mailto:it@dentvitalis.com
extracted,contact-or-sedation-link,/informazioni/alloggio,it,dom:body:nth-of-type(1)>div:nth-of-type(5)>div:nth-of-type(1)>a:nth-of-type(1),Avvia chat su WhatsApp,raw/published/html/696f49d7f343717fcadfcf28.html,https://api.whatsapp.com/send?phone=+ADDNUMBERHERE
extracted,contact,/testimonianze,it,dom:body:nth-of-type(1)>footer:nth-of-type(1)>section:nth-of-type(1)>div:nth-of-type(1)>div:nth-of-type(1)>div:nth-of-type(1)>div:nth-of-type(8)>address:nth-of-type(1)>a:nth-of-type(1),Numero verde: 800 174 206,raw/published/html/69679710d4037ebd0cbb9df2.html,
extracted,contact,/testimonianze,it,dom:body:nth-of-type(1)>div:nth-of-type(5)>div:nth-of-type(1)>a:nth-of-type(1)>div:nth-of-type(1)>div:nth-of-type(1),Avvia chat su WhatsApp,raw/published/html/69679710d4037ebd0cbb9df2.html,
extracted,contact-or-sedation-link,/testimonianze,it,dom:body:nth-of-type(1)>div:nth-of-type(1)>div:nth-of-type(1)>div:nth-of-type(1)>nav:nth-of-type(1)>div:nth-of-type(2)>div:nth-of-type(1)>nav:nth-of-type(1)>div:nth-of-type(1)>div:nth-of-type(1)>a:nth-of-type(5), Sedazione cosciente,raw/published/html/69679710d4037ebd0cbb9df2.html,/prestazioni/sedazione-cosciente
extracted,contact-or-sedation-link,/testimonianze,it,dom:body:nth-of-type(1)>footer:nth-of-type(1)>section:nth-of-type(1)>div:nth-of-type(1)>div:nth-of-type(1)>div:nth-of-type(1)>div:nth-of-type(2)>a:nth-of-type(8),Sedazione cosciente,raw/published/html/69679710d4037ebd0cbb9df2.html,/prestazioni/sedazione-cosciente
extracted,contact-or-sedation-link,/testimonianze,it,dom:body:nth-of-type(1)>footer:nth-of-type(1)>section:nth-of-type(1)>div:nth-of-type(1)>div:nth-of-type(1)>div:nth-of-type(1)>div:nth-of-type(8)>address:nth-of-type(1)>a:nth-of-type(1),Numero verde: 800 174 206,raw/published/html/69679710d4037ebd0cbb9df2.html,tel:800174206
extracted,contact-or-sedation-link,/testimonianze,it,dom:body:nth-of-type(1)>footer:nth-of-type(1)>section:nth-of-type(1)>div:nth-of-type(1)>div:nth-of-type(1)>div:nth-of-type(1)>div:nth-of-type(8)>address:nth-of-type(1)>a:nth-of-type(2),Tel. +385 51 688 380,raw/published/html/69679710d4037ebd0cbb9df2.html,tel:+38551688380
extracted,contact-or-sedation-link,/testimonianze,it,dom:body:nth-of-type(1)>footer:nth-of-type(1)>section:nth-of-type(1)>div:nth-of-type(1)>div:nth-of-type(1)>div:nth-of-type(1)>div:nth-of-type(8)>address:nth-of-type(1)>a:nth-of-type(3),it@dentvitalis.com,raw/published/html/69679710d4037ebd0cbb9df2.html,mailto:it@dentvitalis.com
extracted,contact-or-sedation-link,/testimonianze,it,dom:body:nth-of-type(1)>div:nth-of-type(5)>div:nth-of-type(1)>a:nth-of-type(1),Avvia chat su WhatsApp,raw/published/html/69679710d4037ebd0cbb9df2.html,https://api.whatsapp.com/send?phone=+ADDNUMBERHERE
extracted,contact,/contatti,it,dom:body:nth-of-type(1)>footer:nth-of-type(1)>section:nth-of-type(1)>div:nth-of-type(1)>div:nth-of-type(1)>div:nth-of-type(1)>div:nth-of-type(8)>address:nth-of-type(1)>a:nth-of-type(1),Numero verde: 800 174 206,raw/published/html/695e1eeeb10c5fb8eeaba898.html,
extracted,contact,/contatti,it,dom:body:nth-of-type(1)>div:nth-of-type(5)>div:nth-of-type(1)>a:nth-of-type(1)>div:nth-of-type(1)>div:nth-of-type(1),Avvia chat su WhatsApp,raw/published/html/695e1eeeb10c5fb8eeaba898.html,
extracted,contact-or-sedation-link,/contatti,it,dom:body:nth-of-type(1)>div:nth-of-type(1)>div:nth-of-type(1)>div:nth-of-type(1)>nav:nth-of-type(1)>div:nth-of-type(2)>div:nth-of-type(1)>nav:nth-of-type(1)>div:nth-of-type(1)>div:nth-of-type(1)>a:nth-of-type(5), Sedazione cosciente,raw/published/html/695e1eeeb10c5fb8eeaba898.html,/prestazioni/sedazione-cosciente
extracted,contact-or-sedation-link,/contatti,it,dom:body:nth-of-type(1)>div:nth-of-type(4)>div:nth-of-type(1)>div:nth-of-type(2)>div:nth-of-type(2)>div:nth-of-type(1)>div:nth-of-type(1)>a:nth-of-type(1),800 174 206,raw/published/html/695e1eeeb10c5fb8eeaba898.html,tel:800174206
extracted,contact-or-sedation-link,/contatti,it,dom:body:nth-of-type(1)>div:nth-of-type(4)>div:nth-of-type(1)>div:nth-of-type(2)>div:nth-of-type(2)>div:nth-of-type(1)>div:nth-of-type(2)>a:nth-of-type(1),+385 51 688 380,raw/published/html/695e1eeeb10c5fb8eeaba898.html,tel:+38551688380
extracted,contact-or-sedation-link,/contatti,it,dom:body:nth-of-type(1)>div:nth-of-type(4)>div:nth-of-type(1)>div:nth-of-type(2)>div:nth-of-type(2)>div:nth-of-type(1)>div:nth-of-type(3)>a:nth-of-type(1),it@dentvitalis.com,raw/published/html/695e1eeeb10c5fb8eeaba898.html,mailto:it@dentvitalis.com?subject=Appuntamento%20per%20la%20prima%20visita
extracted,contact-or-sedation-link,/contatti,it,dom:body:nth-of-type(1)>div:nth-of-type(4)>div:nth-of-type(1)>div:nth-of-type(2)>div:nth-of-type(2)>div:nth-of-type(1)>div:nth-of-type(4)>a:nth-of-type(1),+385 91 110 0523​,raw/published/html/695e1eeeb10c5fb8eeaba898.html,tel:+385911100523​
extracted,contact-or-sedation-link,/contatti,it,dom:body:nth-of-type(1)>div:nth-of-type(4)>div:nth-of-type(1)>div:nth-of-type(2)>div:nth-of-type(3)>div:nth-of-type(1)>div:nth-of-type(1)>a:nth-of-type(1),800 824 634,raw/published/html/695e1eeeb10c5fb8eeaba898.html,tel:800824634
extracted,contact-or-sedation-link,/contatti,it,dom:body:nth-of-type(1)>div:nth-of-type(4)>div:nth-of-type(1)>div:nth-of-type(2)>div:nth-of-type(3)>div:nth-of-type(1)>div:nth-of-type(2)>a:nth-of-type(1),+385 51 688 381,raw/published/html/695e1eeeb10c5fb8eeaba898.html,tel:+38551688381
extracted,contact-or-sedation-link,/contatti,it,dom:body:nth-of-type(1)>div:nth-of-type(4)>div:nth-of-type(1)>div:nth-of-type(2)>div:nth-of-type(3)>div:nth-of-type(1)>div:nth-of-type(3)>a:nth-of-type(1),booking@dentvitalis.com,raw/published/html/695e1eeeb10c5fb8eeaba898.html,mailto:booking@dentvitalis.com?subject=Appuntamenti%20per%20i%20pazienti%20che%20stanno%20seguendo%20il%20trattamento
extracted,contact-or-sedation-link,/contatti,it,dom:body:nth-of-type(1)>div:nth-of-type(4)>div:nth-of-type(1)>div:nth-of-type(2)>div:nth-of-type(3)>div:nth-of-type(1)>div:nth-of-type(4)>a:nth-of-type(1),+385 91 912 2071,raw/published/html/695e1eeeb10c5fb8eeaba898.html,tel:+385919122071
extracted,contact-or-sedation-link,/contatti,it,dom:body:nth-of-type(1)>div:nth-of-type(4)>div:nth-of-type(1)>div:nth-of-type(2)>div:nth-of-type(4)>div:nth-of-type(1)>div:nth-of-type(1)>a:nth-of-type(1),+385 51 37 1064,raw/published/html/695e1eeeb10c5fb8eeaba898.html,tel:+38551371064
extracted,contact-or-sedation-link,/contatti,it,dom:body:nth-of-type(1)>footer:nth-of-type(1)>section:nth-of-type(1)>div:nth-of-type(1)>div:nth-of-type(1)>div:nth-of-type(1)>div:nth-of-type(2)>a:nth-of-type(8),Sedazione cosciente,raw/published/html/695e1eeeb10c5fb8eeaba898.html,/prestazioni/sedazione-cosciente
extracted,contact-or-sedation-link,/contatti,it,dom:body:nth-of-type(1)>footer:nth-of-type(1)>section:nth-of-type(1)>div:nth-of-type(1)>div:nth-of-type(1)>div:nth-of-type(1)>div:nth-of-type(8)>address:nth-of-type(1)>a:nth-of-type(1),Numero verde: 800 174 206,raw/published/html/695e1eeeb10c5fb8eeaba898.html,tel:800174206
extracted,contact-or-sedation-link,/contatti,it,dom:body:nth-of-type(1)>footer:nth-of-type(1)>section:nth-of-type(1)>div:nth-of-type(1)>div:nth-of-type(1)>div:nth-of-type(1)>div:nth-of-type(8)>address:nth-of-type(1)>a:nth-of-type(2),Tel. +385 51 688 380,raw/published/html/695e1eeeb10c5fb8eeaba898.html,tel:+38551688380
extracted,contact-or-sedation-link,/contatti,it,dom:body:nth-of-type(1)>footer:nth-of-type(1)>section:nth-of-type(1)>div:nth-of-type(1)>div:nth-of-type(1)>div:nth-of-type(1)>div:nth-of-type(8)>address:nth-of-type(1)>a:nth-of-type(3),it@dentvitalis.com,raw/published/html/695e1eeeb10c5fb8eeaba898.html,mailto:it@dentvitalis.com
extracted,contact-or-sedation-link,/contatti,it,dom:body:nth-of-type(1)>div:nth-of-type(5)>div:nth-of-type(1)>a:nth-of-type(1),Avvia chat su WhatsApp,raw/published/html/695e1eeeb10c5fb8eeaba898.html,https://api.whatsapp.com/send?phone=+ADDNUMBERHERE
extracted,contact,/faq,it,wf:2ca746b2-65d4-3dd3-3ea8-c688b597a256,"Qui troverai le risposte alle domande più frequenti. Per qualsiasi ulteriore informazione, contattaci senza esitazione al Numero Verde 800 174 206 o inviaci una richiesta: saremo felici di aiutarti!",raw/published/html/695e1eeeb10c5fb8eeaba897.html,
extracted,contact,/faq,it,dom:body:nth-of-type(1)>footer:nth-of-type(1)>section:nth-of-type(1)>div:nth-of-type(1)>div:nth-of-type(1)>div:nth-of-type(1)>div:nth-of-type(8)>address:nth-of-type(1)>a:nth-of-type(1),Numero verde: 800 174 206,raw/published/html/695e1eeeb10c5fb8eeaba897.html,
extracted,contact,/faq,it,dom:body:nth-of-type(1)>div:nth-of-type(5)>div:nth-of-type(1)>a:nth-of-type(1)>div:nth-of-type(1)>div:nth-of-type(1),Avvia chat su WhatsApp,raw/published/html/695e1eeeb10c5fb8eeaba897.html,
extracted,contact-or-sedation-link,/faq,it,dom:body:nth-of-type(1)>div:nth-of-type(1)>div:nth-of-type(1)>div:nth-of-type(1)>nav:nth-of-type(1)>div:nth-of-type(2)>div:nth-of-type(1)>nav:nth-of-type(1)>div:nth-of-type(1)>div:nth-of-type(1)>a:nth-of-type(5), Sedazione cosciente,raw/published/html/695e1eeeb10c5fb8eeaba897.html,/prestazioni/sedazione-cosciente
extracted,contact-or-sedation-link,/faq,it,dom:body:nth-of-type(1)>footer:nth-of-type(1)>section:nth-of-type(1)>div:nth-of-type(1)>div:nth-of-type(1)>div:nth-of-type(1)>div:nth-of-type(2)>a:nth-of-type(8),Sedazione cosciente,raw/published/html/695e1eeeb10c5fb8eeaba897.html,/prestazioni/sedazione-cosciente
extracted,contact-or-sedation-link,/faq,it,dom:body:nth-of-type(1)>footer:nth-of-type(1)>section:nth-of-type(1)>div:nth-of-type(1)>div:nth-of-type(1)>div:nth-of-type(1)>div:nth-of-type(8)>address:nth-of-type(1)>a:nth-of-type(1),Numero verde: 800 174 206,raw/published/html/695e1eeeb10c5fb8eeaba897.html,tel:800174206
extracted,contact-or-sedation-link,/faq,it,dom:body:nth-of-type(1)>footer:nth-of-type(1)>section:nth-of-type(1)>div:nth-of-type(1)>div:nth-of-type(1)>div:nth-of-type(1)>div:nth-of-type(8)>address:nth-of-type(1)>a:nth-of-type(2),Tel. +385 51 688 380,raw/published/html/695e1eeeb10c5fb8eeaba897.html,tel:+38551688380
extracted,contact-or-sedation-link,/faq,it,dom:body:nth-of-type(1)>footer:nth-of-type(1)>section:nth-of-type(1)>div:nth-of-type(1)>div:nth-of-type(1)>div:nth-of-type(1)>div:nth-of-type(8)>address:nth-of-type(1)>a:nth-of-type(3),it@dentvitalis.com,raw/published/html/695e1eeeb10c5fb8eeaba897.html,mailto:it@dentvitalis.com
extracted,contact-or-sedation-link,/faq,it,dom:body:nth-of-type(1)>div:nth-of-type(5)>div:nth-of-type(1)>a:nth-of-type(1),Avvia chat su WhatsApp,raw/published/html/695e1eeeb10c5fb8eeaba897.html,https://api.whatsapp.com/send?phone=+ADDNUMBERHERE
extracted,contact,/domande-e-risposte,it,dom:body:nth-of-type(1)>footer:nth-of-type(1)>section:nth-of-type(1)>div:nth-of-type(1)>div:nth-of-type(1)>div:nth-of-type(1)>div:nth-of-type(8)>address:nth-of-type(1)>a:nth-of-type(1),Numero verde: 800 174 206,raw/published/html/695e1eeeb10c5fb8eeaba896.html,
extracted,contact,/domande-e-risposte,it,dom:body:nth-of-type(1)>div:nth-of-type(5)>div:nth-of-type(1)>a:nth-of-type(1)>div:nth-of-type(1)>div:nth-of-type(1),Avvia chat su WhatsApp,raw/published/html/695e1eeeb10c5fb8eeaba896.html,
extracted,contact-or-sedation-link,/domande-e-risposte,it,dom:body:nth-of-type(1)>div:nth-of-type(1)>div:nth-of-type(1)>div:nth-of-type(1)>nav:nth-of-type(1)>div:nth-of-type(2)>div:nth-of-type(1)>nav:nth-of-type(1)>div:nth-of-type(1)>div:nth-of-type(1)>a:nth-of-type(5), Sedazione cosciente,raw/published/html/695e1eeeb10c5fb8eeaba896.html,/prestazioni/sedazione-cosciente
extracted,contact-or-sedation-link,/domande-e-risposte,it,dom:body:nth-of-type(1)>footer:nth-of-type(1)>section:nth-of-type(1)>div:nth-of-type(1)>div:nth-of-type(1)>div:nth-of-type(1)>div:nth-of-type(2)>a:nth-of-type(8),Sedazione cosciente,raw/published/html/695e1eeeb10c5fb8eeaba896.html,/prestazioni/sedazione-cosciente
extracted,contact-or-sedation-link,/domande-e-risposte,it,dom:body:nth-of-type(1)>footer:nth-of-type(1)>section:nth-of-type(1)>div:nth-of-type(1)>div:nth-of-type(1)>div:nth-of-type(1)>div:nth-of-type(8)>address:nth-of-type(1)>a:nth-of-type(1),Numero verde: 800 174 206,raw/published/html/695e1eeeb10c5fb8eeaba896.html,tel:800174206
extracted,contact-or-sedation-link,/domande-e-risposte,it,dom:body:nth-of-type(1)>footer:nth-of-type(1)>section:nth-of-type(1)>div:nth-of-type(1)>div:nth-of-type(1)>div:nth-of-type(1)>div:nth-of-type(8)>address:nth-of-type(1)>a:nth-of-type(2),Tel. +385 51 688 380,raw/published/html/695e1eeeb10c5fb8eeaba896.html,tel:+38551688380
extracted,contact-or-sedation-link,/domande-e-risposte,it,dom:body:nth-of-type(1)>footer:nth-of-type(1)>section:nth-of-type(1)>div:nth-of-type(1)>div:nth-of-type(1)>div:nth-of-type(1)>div:nth-of-type(8)>address:nth-of-type(1)>a:nth-of-type(3),it@dentvitalis.com,raw/published/html/695e1eeeb10c5fb8eeaba896.html,mailto:it@dentvitalis.com
extracted,contact-or-sedation-link,/domande-e-risposte,it,dom:body:nth-of-type(1)>div:nth-of-type(5)>div:nth-of-type(1)>a:nth-of-type(1),Avvia chat su WhatsApp,raw/published/html/695e1eeeb10c5fb8eeaba896.html,https://api.whatsapp.com/send?phone=+ADDNUMBERHERE
extracted,price,/informazioni/listino-prezzi,it,dom:body:nth-of-type(1)>div:nth-of-type(4)>div:nth-of-type(1)>div:nth-of-type(2)>div:nth-of-type(1)>div:nth-of-type(1)>div:nth-of-type(1)>div:nth-of-type(2)>div:nth-of-type(1),0 €,raw/published/html/695e1eeeb10c5fb8eeaba894.html,
extracted,price,/informazioni/listino-prezzi,it,dom:body:nth-of-type(1)>div:nth-of-type(4)>div:nth-of-type(1)>div:nth-of-type(2)>div:nth-of-type(2)>div:nth-of-type(1)>div:nth-of-type(1)>div:nth-of-type(2)>div:nth-of-type(2),2.990 €,raw/published/html/695e1eeeb10c5fb8eeaba894.html,
extracted,price,/informazioni/listino-prezzi,it,dom:body:nth-of-type(1)>div:nth-of-type(4)>div:nth-of-type(1)>div:nth-of-type(2)>div:nth-of-type(3)>div:nth-of-type(1)>div:nth-of-type(1)>div:nth-of-type(2)>div:nth-of-type(2),4.990 €,raw/published/html/695e1eeeb10c5fb8eeaba894.html,
extracted,price,/informazioni/listino-prezzi,it,dom:body:nth-of-type(1)>div:nth-of-type(4)>div:nth-of-type(1)>div:nth-of-type(2)>div:nth-of-type(4)>div:nth-of-type(1)>div:nth-of-type(1)>div:nth-of-type(2)>div:nth-of-type(2),250 €,raw/published/html/695e1eeeb10c5fb8eeaba894.html,
extracted,price,/informazioni/listino-prezzi,it,dom:body:nth-of-type(1)>div:nth-of-type(4)>div:nth-of-type(1)>div:nth-of-type(2)>div:nth-of-type(5)>div:nth-of-type(1)>div:nth-of-type(1)>div:nth-of-type(2)>div:nth-of-type(2),220 €,raw/published/html/695e1eeeb10c5fb8eeaba894.html,
extracted,price,/informazioni/listino-prezzi,it,dom:body:nth-of-type(1)>div:nth-of-type(4)>div:nth-of-type(1)>div:nth-of-type(2)>div:nth-of-type(6)>div:nth-of-type(1)>div:nth-of-type(1)>div:nth-of-type(2)>div:nth-of-type(2),319 €,raw/published/html/695e1eeeb10c5fb8eeaba894.html,
extracted,price,/informazioni/listino-prezzi,it,dom:body:nth-of-type(1)>div:nth-of-type(4)>div:nth-of-type(1)>div:nth-of-type(2)>div:nth-of-type(7)>div:nth-of-type(1)>div:nth-of-type(1)>div:nth-of-type(2)>div:nth-of-type(2),119 €,raw/published/html/695e1eeeb10c5fb8eeaba894.html,
extracted,price,/informazioni/listino-prezzi,it,dom:body:nth-of-type(1)>div:nth-of-type(4)>div:nth-of-type(1)>div:nth-of-type(2)>div:nth-of-type(8)>div:nth-of-type(1)>div:nth-of-type(1)>div:nth-of-type(2)>div:nth-of-type(2),420 €,raw/published/html/695e1eeeb10c5fb8eeaba894.html,
extracted,contact,/informazioni/listino-prezzi,it,dom:body:nth-of-type(1)>footer:nth-of-type(1)>section:nth-of-type(1)>div:nth-of-type(1)>div:nth-of-type(1)>div:nth-of-type(1)>div:nth-of-type(8)>address:nth-of-type(1)>a:nth-of-type(1),Numero verde: 800 174 206,raw/published/html/695e1eeeb10c5fb8eeaba894.html,
extracted,contact,/informazioni/listino-prezzi,it,dom:body:nth-of-type(1)>div:nth-of-type(5)>div:nth-of-type(1)>a:nth-of-type(1)>div:nth-of-type(1)>div:nth-of-type(1),Avvia chat su WhatsApp,raw/published/html/695e1eeeb10c5fb8eeaba894.html,
extracted,contact-or-sedation-link,/informazioni/listino-prezzi,it,dom:body:nth-of-type(1)>div:nth-of-type(1)>div:nth-of-type(1)>div:nth-of-type(1)>nav:nth-of-type(1)>div:nth-of-type(2)>div:nth-of-type(1)>nav:nth-of-type(1)>div:nth-of-type(1)>div:nth-of-type(1)>a:nth-of-type(5), Sedazione cosciente,raw/published/html/695e1eeeb10c5fb8eeaba894.html,/prestazioni/sedazione-cosciente
extracted,contact-or-sedation-link,/informazioni/listino-prezzi,it,dom:body:nth-of-type(1)>footer:nth-of-type(1)>section:nth-of-type(1)>div:nth-of-type(1)>div:nth-of-type(1)>div:nth-of-type(1)>div:nth-of-type(2)>a:nth-of-type(8),Sedazione cosciente,raw/published/html/695e1eeeb10c5fb8eeaba894.html,/prestazioni/sedazione-cosciente
extracted,contact-or-sedation-link,/informazioni/listino-prezzi,it,dom:body:nth-of-type(1)>footer:nth-of-type(1)>section:nth-of-type(1)>div:nth-of-type(1)>div:nth-of-type(1)>div:nth-of-type(1)>div:nth-of-type(8)>address:nth-of-type(1)>a:nth-of-type(1),Numero verde: 800 174 206,raw/published/html/695e1eeeb10c5fb8eeaba894.html,tel:800174206
extracted,contact-or-sedation-link,/informazioni/listino-prezzi,it,dom:body:nth-of-type(1)>footer:nth-of-type(1)>section:nth-of-type(1)>div:nth-of-type(1)>div:nth-of-type(1)>div:nth-of-type(1)>div:nth-of-type(8)>address:nth-of-type(1)>a:nth-of-type(2),Tel. +385 51 688 380,raw/published/html/695e1eeeb10c5fb8eeaba894.html,tel:+38551688380
extracted,contact-or-sedation-link,/informazioni/listino-prezzi,it,dom:body:nth-of-type(1)>footer:nth-of-type(1)>section:nth-of-type(1)>div:nth-of-type(1)>div:nth-of-type(1)>div:nth-of-type(1)>div:nth-of-type(8)>address:nth-of-type(1)>a:nth-of-type(3),it@dentvitalis.com,raw/published/html/695e1eeeb10c5fb8eeaba894.html,mailto:it@dentvitalis.com
extracted,contact-or-sedation-link,/informazioni/listino-prezzi,it,dom:body:nth-of-type(1)>div:nth-of-type(5)>div:nth-of-type(1)>a:nth-of-type(1),Avvia chat su WhatsApp,raw/published/html/695e1eeeb10c5fb8eeaba894.html,https://api.whatsapp.com/send?phone=+ADDNUMBERHERE
extracted,contact,/informazioni/garanzie,it,dom:body:nth-of-type(1)>footer:nth-of-type(1)>section:nth-of-type(1)>div:nth-of-type(1)>div:nth-of-type(1)>div:nth-of-type(1)>div:nth-of-type(8)>address:nth-of-type(1)>a:nth-of-type(1),Numero verde: 800 174 206,raw/published/html/695e1eeeb10c5fb8eeaba893.html,
extracted,contact,/informazioni/garanzie,it,dom:body:nth-of-type(1)>div:nth-of-type(5)>div:nth-of-type(1)>a:nth-of-type(1)>div:nth-of-type(1)>div:nth-of-type(1),Avvia chat su WhatsApp,raw/published/html/695e1eeeb10c5fb8eeaba893.html,
extracted,contact-or-sedation-link,/informazioni/garanzie,it,dom:body:nth-of-type(1)>div:nth-of-type(1)>div:nth-of-type(1)>div:nth-of-type(1)>nav:nth-of-type(1)>div:nth-of-type(2)>div:nth-of-type(1)>nav:nth-of-type(1)>div:nth-of-type(1)>div:nth-of-type(1)>a:nth-of-type(5), Sedazione cosciente,raw/published/html/695e1eeeb10c5fb8eeaba893.html,/prestazioni/sedazione-cosciente
extracted,contact-or-sedation-link,/informazioni/garanzie,it,dom:body:nth-of-type(1)>footer:nth-of-type(1)>section:nth-of-type(1)>div:nth-of-type(1)>div:nth-of-type(1)>div:nth-of-type(1)>div:nth-of-type(2)>a:nth-of-type(8),Sedazione cosciente,raw/published/html/695e1eeeb10c5fb8eeaba893.html,/prestazioni/sedazione-cosciente
extracted,contact-or-sedation-link,/informazioni/garanzie,it,dom:body:nth-of-type(1)>footer:nth-of-type(1)>section:nth-of-type(1)>div:nth-of-type(1)>div:nth-of-type(1)>div:nth-of-type(1)>div:nth-of-type(8)>address:nth-of-type(1)>a:nth-of-type(1),Numero verde: 800 174 206,raw/published/html/695e1eeeb10c5fb8eeaba893.html,tel:800174206
extracted,contact-or-sedation-link,/informazioni/garanzie,it,dom:body:nth-of-type(1)>footer:nth-of-type(1)>section:nth-of-type(1)>div:nth-of-type(1)>div:nth-of-type(1)>div:nth-of-type(1)>div:nth-of-type(8)>address:nth-of-type(1)>a:nth-of-type(2),Tel. +385 51 688 380,raw/published/html/695e1eeeb10c5fb8eeaba893.html,tel:+38551688380
extracted,contact-or-sedation-link,/informazioni/garanzie,it,dom:body:nth-of-type(1)>footer:nth-of-type(1)>section:nth-of-type(1)>div:nth-of-type(1)>div:nth-of-type(1)>div:nth-of-type(1)>div:nth-of-type(8)>address:nth-of-type(1)>a:nth-of-type(3),it@dentvitalis.com,raw/published/html/695e1eeeb10c5fb8eeaba893.html,mailto:it@dentvitalis.com
extracted,contact-or-sedation-link,/informazioni/garanzie,it,dom:body:nth-of-type(1)>div:nth-of-type(5)>div:nth-of-type(1)>a:nth-of-type(1),Avvia chat su WhatsApp,raw/published/html/695e1eeeb10c5fb8eeaba893.html,https://api.whatsapp.com/send?phone=+ADDNUMBERHERE
extracted,contact,/informazioni/pagamento-flessibile,it,dom:body:nth-of-type(1)>footer:nth-of-type(1)>section:nth-of-type(1)>div:nth-of-type(1)>div:nth-of-type(1)>div:nth-of-type(1)>div:nth-of-type(8)>address:nth-of-type(1)>a:nth-of-type(1),Numero verde: 800 174 206,raw/published/html/695e1eeeb10c5fb8eeaba892.html,
extracted,contact,/informazioni/pagamento-flessibile,it,dom:body:nth-of-type(1)>div:nth-of-type(5)>div:nth-of-type(1)>a:nth-of-type(1)>div:nth-of-type(1)>div:nth-of-type(1),Avvia chat su WhatsApp,raw/published/html/695e1eeeb10c5fb8eeaba892.html,
extracted,contact-or-sedation-link,/informazioni/pagamento-flessibile,it,dom:body:nth-of-type(1)>div:nth-of-type(1)>div:nth-of-type(1)>div:nth-of-type(1)>nav:nth-of-type(1)>div:nth-of-type(2)>div:nth-of-type(1)>nav:nth-of-type(1)>div:nth-of-type(1)>div:nth-of-type(1)>a:nth-of-type(5), Sedazione cosciente,raw/published/html/695e1eeeb10c5fb8eeaba892.html,/prestazioni/sedazione-cosciente
extracted,contact-or-sedation-link,/informazioni/pagamento-flessibile,it,dom:body:nth-of-type(1)>footer:nth-of-type(1)>section:nth-of-type(1)>div:nth-of-type(1)>div:nth-of-type(1)>div:nth-of-type(1)>div:nth-of-type(2)>a:nth-of-type(8),Sedazione cosciente,raw/published/html/695e1eeeb10c5fb8eeaba892.html,/prestazioni/sedazione-cosciente
extracted,contact-or-sedation-link,/informazioni/pagamento-flessibile,it,dom:body:nth-of-type(1)>footer:nth-of-type(1)>section:nth-of-type(1)>div:nth-of-type(1)>div:nth-of-type(1)>div:nth-of-type(1)>div:nth-of-type(8)>address:nth-of-type(1)>a:nth-of-type(1),Numero verde: 800 174 206,raw/published/html/695e1eeeb10c5fb8eeaba892.html,tel:800174206
extracted,contact-or-sedation-link,/informazioni/pagamento-flessibile,it,dom:body:nth-of-type(1)>footer:nth-of-type(1)>section:nth-of-type(1)>div:nth-of-type(1)>div:nth-of-type(1)>div:nth-of-type(1)>div:nth-of-type(8)>address:nth-of-type(1)>a:nth-of-type(2),Tel. +385 51 688 380,raw/published/html/695e1eeeb10c5fb8eeaba892.html,tel:+38551688380
extracted,contact-or-sedation-link,/informazioni/pagamento-flessibile,it,dom:body:nth-of-type(1)>footer:nth-of-type(1)>section:nth-of-type(1)>div:nth-of-type(1)>div:nth-of-type(1)>div:nth-of-type(1)>div:nth-of-type(8)>address:nth-of-type(1)>a:nth-of-type(3),it@dentvitalis.com,raw/published/html/695e1eeeb10c5fb8eeaba892.html,mailto:it@dentvitalis.com
extracted,contact-or-sedation-link,/informazioni/pagamento-flessibile,it,dom:body:nth-of-type(1)>div:nth-of-type(5)>div:nth-of-type(1)>a:nth-of-type(1),Avvia chat su WhatsApp,raw/published/html/695e1eeeb10c5fb8eeaba892.html,https://api.whatsapp.com/send?phone=+ADDNUMBERHERE
extracted,contact,/informazioni/tempi-del-trattamento,it,dom:body:nth-of-type(1)>footer:nth-of-type(1)>section:nth-of-type(1)>div:nth-of-type(1)>div:nth-of-type(1)>div:nth-of-type(1)>div:nth-of-type(8)>address:nth-of-type(1)>a:nth-of-type(1),Numero verde: 800 174 206,raw/published/html/695e1eeeb10c5fb8eeaba891.html,
extracted,contact,/informazioni/tempi-del-trattamento,it,dom:body:nth-of-type(1)>div:nth-of-type(5)>div:nth-of-type(1)>a:nth-of-type(1)>div:nth-of-type(1)>div:nth-of-type(1),Avvia chat su WhatsApp,raw/published/html/695e1eeeb10c5fb8eeaba891.html,
extracted,contact-or-sedation-link,/informazioni/tempi-del-trattamento,it,dom:body:nth-of-type(1)>div:nth-of-type(1)>div:nth-of-type(1)>div:nth-of-type(1)>nav:nth-of-type(1)>div:nth-of-type(2)>div:nth-of-type(1)>nav:nth-of-type(1)>div:nth-of-type(1)>div:nth-of-type(1)>a:nth-of-type(5), Sedazione cosciente,raw/published/html/695e1eeeb10c5fb8eeaba891.html,/prestazioni/sedazione-cosciente
extracted,contact-or-sedation-link,/informazioni/tempi-del-trattamento,it,dom:body:nth-of-type(1)>footer:nth-of-type(1)>section:nth-of-type(1)>div:nth-of-type(1)>div:nth-of-type(1)>div:nth-of-type(1)>div:nth-of-type(2)>a:nth-of-type(8),Sedazione cosciente,raw/published/html/695e1eeeb10c5fb8eeaba891.html,/prestazioni/sedazione-cosciente
extracted,contact-or-sedation-link,/informazioni/tempi-del-trattamento,it,dom:body:nth-of-type(1)>footer:nth-of-type(1)>section:nth-of-type(1)>div:nth-of-type(1)>div:nth-of-type(1)>div:nth-of-type(1)>div:nth-of-type(8)>address:nth-of-type(1)>a:nth-of-type(1),Numero verde: 800 174 206,raw/published/html/695e1eeeb10c5fb8eeaba891.html,tel:800174206
extracted,contact-or-sedation-link,/informazioni/tempi-del-trattamento,it,dom:body:nth-of-type(1)>footer:nth-of-type(1)>section:nth-of-type(1)>div:nth-of-type(1)>div:nth-of-type(1)>div:nth-of-type(1)>div:nth-of-type(8)>address:nth-of-type(1)>a:nth-of-type(2),Tel. +385 51 688 380,raw/published/html/695e1eeeb10c5fb8eeaba891.html,tel:+38551688380
extracted,contact-or-sedation-link,/informazioni/tempi-del-trattamento,it,dom:body:nth-of-type(1)>footer:nth-of-type(1)>section:nth-of-type(1)>div:nth-of-type(1)>div:nth-of-type(1)>div:nth-of-type(1)>div:nth-of-type(8)>address:nth-of-type(1)>a:nth-of-type(3),it@dentvitalis.com,raw/published/html/695e1eeeb10c5fb8eeaba891.html,mailto:it@dentvitalis.com
extracted,contact-or-sedation-link,/informazioni/tempi-del-trattamento,it,dom:body:nth-of-type(1)>div:nth-of-type(5)>div:nth-of-type(1)>a:nth-of-type(1),Avvia chat su WhatsApp,raw/published/html/695e1eeeb10c5fb8eeaba891.html,https://api.whatsapp.com/send?phone=+ADDNUMBERHERE
extracted,contact,/informazioni/prima-visita-gratuita,it,dom:body:nth-of-type(1)>footer:nth-of-type(1)>section:nth-of-type(1)>div:nth-of-type(1)>div:nth-of-type(1)>div:nth-of-type(1)>div:nth-of-type(8)>address:nth-of-type(1)>a:nth-of-type(1),Numero verde: 800 174 206,raw/published/html/695e1eeeb10c5fb8eeaba890.html,
extracted,contact,/informazioni/prima-visita-gratuita,it,dom:body:nth-of-type(1)>div:nth-of-type(5)>div:nth-of-type(1)>a:nth-of-type(1)>div:nth-of-type(1)>div:nth-of-type(1),Avvia chat su WhatsApp,raw/published/html/695e1eeeb10c5fb8eeaba890.html,
extracted,contact-or-sedation-link,/informazioni/prima-visita-gratuita,it,dom:body:nth-of-type(1)>div:nth-of-type(1)>div:nth-of-type(1)>div:nth-of-type(1)>nav:nth-of-type(1)>div:nth-of-type(2)>div:nth-of-type(1)>nav:nth-of-type(1)>div:nth-of-type(1)>div:nth-of-type(1)>a:nth-of-type(5), Sedazione cosciente,raw/published/html/695e1eeeb10c5fb8eeaba890.html,/prestazioni/sedazione-cosciente
extracted,contact-or-sedation-link,/informazioni/prima-visita-gratuita,it,dom:body:nth-of-type(1)>footer:nth-of-type(1)>section:nth-of-type(1)>div:nth-of-type(1)>div:nth-of-type(1)>div:nth-of-type(1)>div:nth-of-type(2)>a:nth-of-type(8),Sedazione cosciente,raw/published/html/695e1eeeb10c5fb8eeaba890.html,/prestazioni/sedazione-cosciente
extracted,contact-or-sedation-link,/informazioni/prima-visita-gratuita,it,dom:body:nth-of-type(1)>footer:nth-of-type(1)>section:nth-of-type(1)>div:nth-of-type(1)>div:nth-of-type(1)>div:nth-of-type(1)>div:nth-of-type(8)>address:nth-of-type(1)>a:nth-of-type(1),Numero verde: 800 174 206,raw/published/html/695e1eeeb10c5fb8eeaba890.html,tel:800174206
extracted,contact-or-sedation-link,/informazioni/prima-visita-gratuita,it,dom:body:nth-of-type(1)>footer:nth-of-type(1)>section:nth-of-type(1)>div:nth-of-type(1)>div:nth-of-type(1)>div:nth-of-type(1)>div:nth-of-type(8)>address:nth-of-type(1)>a:nth-of-type(2),Tel. +385 51 688 380,raw/published/html/695e1eeeb10c5fb8eeaba890.html,tel:+38551688380
extracted,contact-or-sedation-link,/informazioni/prima-visita-gratuita,it,dom:body:nth-of-type(1)>footer:nth-of-type(1)>section:nth-of-type(1)>div:nth-of-type(1)>div:nth-of-type(1)>div:nth-of-type(1)>div:nth-of-type(8)>address:nth-of-type(1)>a:nth-of-type(3),it@dentvitalis.com,raw/published/html/695e1eeeb10c5fb8eeaba890.html,mailto:it@dentvitalis.com
extracted,contact-or-sedation-link,/informazioni/prima-visita-gratuita,it,dom:body:nth-of-type(1)>div:nth-of-type(5)>div:nth-of-type(1)>a:nth-of-type(1),Avvia chat su WhatsApp,raw/published/html/695e1eeeb10c5fb8eeaba890.html,https://api.whatsapp.com/send?phone=+ADDNUMBERHERE
extracted,contact,/prestazioni/sedazione-cosciente,it,dom:body:nth-of-type(1)>footer:nth-of-type(1)>section:nth-of-type(1)>div:nth-of-type(1)>div:nth-of-type(1)>div:nth-of-type(1)>div:nth-of-type(8)>address:nth-of-type(1)>a:nth-of-type(1),Numero verde: 800 174 206,raw/published/html/695e1eeeb10c5fb8eeaba88e.html,
extracted,contact,/prestazioni/sedazione-cosciente,it,dom:body:nth-of-type(1)>div:nth-of-type(5)>div:nth-of-type(1)>a:nth-of-type(1)>div:nth-of-type(1)>div:nth-of-type(1),Avvia chat su WhatsApp,raw/published/html/695e1eeeb10c5fb8eeaba88e.html,
extracted,contact-or-sedation-link,/prestazioni/sedazione-cosciente,it,dom:body:nth-of-type(1)>div:nth-of-type(1)>div:nth-of-type(1)>div:nth-of-type(1)>nav:nth-of-type(1)>div:nth-of-type(2)>div:nth-of-type(1)>nav:nth-of-type(1)>div:nth-of-type(1)>div:nth-of-type(1)>a:nth-of-type(5), Sedazione cosciente,raw/published/html/695e1eeeb10c5fb8eeaba88e.html,/prestazioni/sedazione-cosciente
extracted,contact-or-sedation-link,/prestazioni/sedazione-cosciente,it,dom:body:nth-of-type(1)>div:nth-of-type(4)>div:nth-of-type(1)>div:nth-of-type(1)>a:nth-of-type(5),Sedazione cosciente,raw/published/html/695e1eeeb10c5fb8eeaba88e.html,/prestazioni/sedazione-cosciente
extracted,contact-or-sedation-link,/prestazioni/sedazione-cosciente,it,dom:body:nth-of-type(1)>footer:nth-of-type(1)>section:nth-of-type(1)>div:nth-of-type(1)>div:nth-of-type(1)>div:nth-of-type(1)>div:nth-of-type(2)>a:nth-of-type(8),Sedazione cosciente,raw/published/html/695e1eeeb10c5fb8eeaba88e.html,/prestazioni/sedazione-cosciente
extracted,contact-or-sedation-link,/prestazioni/sedazione-cosciente,it,dom:body:nth-of-type(1)>footer:nth-of-type(1)>section:nth-of-type(1)>div:nth-of-type(1)>div:nth-of-type(1)>div:nth-of-type(1)>div:nth-of-type(8)>address:nth-of-type(1)>a:nth-of-type(1),Numero verde: 800 174 206,raw/published/html/695e1eeeb10c5fb8eeaba88e.html,tel:800174206
extracted,contact-or-sedation-link,/prestazioni/sedazione-cosciente,it,dom:body:nth-of-type(1)>footer:nth-of-type(1)>section:nth-of-type(1)>div:nth-of-type(1)>div:nth-of-type(1)>div:nth-of-type(1)>div:nth-of-type(8)>address:nth-of-type(1)>a:nth-of-type(2),Tel. +385 51 688 380,raw/published/html/695e1eeeb10c5fb8eeaba88e.html,tel:+38551688380
extracted,contact-or-sedation-link,/prestazioni/sedazione-cosciente,it,dom:body:nth-of-type(1)>footer:nth-of-type(1)>section:nth-of-type(1)>div:nth-of-type(1)>div:nth-of-type(1)>div:nth-of-type(1)>div:nth-of-type(8)>address:nth-of-type(1)>a:nth-of-type(3),it@dentvitalis.com,raw/published/html/695e1eeeb10c5fb8eeaba88e.html,mailto:it@dentvitalis.com
extracted,contact-or-sedation-link,/prestazioni/sedazione-cosciente,it,dom:body:nth-of-type(1)>div:nth-of-type(5)>div:nth-of-type(1)>a:nth-of-type(1),Avvia chat su WhatsApp,raw/published/html/695e1eeeb10c5fb8eeaba88e.html,https://api.whatsapp.com/send?phone=+ADDNUMBERHERE
extracted,time_claim,/su-di-noi/impianti-di-nuova-generazione,it,dom:body:nth-of-type(1)>div:nth-of-type(4)>div:nth-of-type(1)>div:nth-of-type(2)>div:nth-of-type(1)>div:nth-of-type(1)>p:nth-of-type(1),"Gli impianti di nuova generazione consentono, in casi selezionati, di ottenere una riabilitazione protesica fissa in tempi molto brevi, spesso entro 24 ore, anche nei pazienti in cui una quantità insufficiente di osso rende più complessa l’applicazione degli impianti tradizionali.",raw/published/html/695e1eeeb10c5fb8eeaba88d.html,
extracted,time_claim,/su-di-noi/impianti-di-nuova-generazione,it,dom:body:nth-of-type(1)>div:nth-of-type(4)>div:nth-of-type(1)>div:nth-of-type(2)>div:nth-of-type(2)>div:nth-of-type(1)>p:nth-of-type(1),"Con l’inserimento degli impianti pterigoidei si evitano il rialzo del seno mascellare e l’innesto osseo. Invece di attendere un anno per l’inserimento di impianti in osso artificiale, l’impianto pterigoideo viene posizionato nell’osso naturale e il paziente riceve un ponte fisso entro 24 ore.",raw/published/html/695e1eeeb10c5fb8eeaba88d.html,
extracted,contact,/su-di-noi/impianti-di-nuova-generazione,it,dom:body:nth-of-type(1)>footer:nth-of-type(1)>section:nth-of-type(1)>div:nth-of-type(1)>div:nth-of-type(1)>div:nth-of-type(1)>div:nth-of-type(8)>address:nth-of-type(1)>a:nth-of-type(1),Numero verde: 800 174 206,raw/published/html/695e1eeeb10c5fb8eeaba88d.html,
extracted,contact,/su-di-noi/impianti-di-nuova-generazione,it,dom:body:nth-of-type(1)>div:nth-of-type(5)>div:nth-of-type(1)>a:nth-of-type(1)>div:nth-of-type(1)>div:nth-of-type(1),Avvia chat su WhatsApp,raw/published/html/695e1eeeb10c5fb8eeaba88d.html,
extracted,contact-or-sedation-link,/su-di-noi/impianti-di-nuova-generazione,it,dom:body:nth-of-type(1)>div:nth-of-type(1)>div:nth-of-type(1)>div:nth-of-type(1)>nav:nth-of-type(1)>div:nth-of-type(2)>div:nth-of-type(1)>nav:nth-of-type(1)>div:nth-of-type(1)>div:nth-of-type(1)>a:nth-of-type(5), Sedazione cosciente,raw/published/html/695e1eeeb10c5fb8eeaba88d.html,/prestazioni/sedazione-cosciente
extracted,contact-or-sedation-link,/su-di-noi/impianti-di-nuova-generazione,it,dom:body:nth-of-type(1)>footer:nth-of-type(1)>section:nth-of-type(1)>div:nth-of-type(1)>div:nth-of-type(1)>div:nth-of-type(1)>div:nth-of-type(2)>a:nth-of-type(8),Sedazione cosciente,raw/published/html/695e1eeeb10c5fb8eeaba88d.html,/prestazioni/sedazione-cosciente
extracted,contact-or-sedation-link,/su-di-noi/impianti-di-nuova-generazione,it,dom:body:nth-of-type(1)>footer:nth-of-type(1)>section:nth-of-type(1)>div:nth-of-type(1)>div:nth-of-type(1)>div:nth-of-type(1)>div:nth-of-type(8)>address:nth-of-type(1)>a:nth-of-type(1),Numero verde: 800 174 206,raw/published/html/695e1eeeb10c5fb8eeaba88d.html,tel:800174206
extracted,contact-or-sedation-link,/su-di-noi/impianti-di-nuova-generazione,it,dom:body:nth-of-type(1)>footer:nth-of-type(1)>section:nth-of-type(1)>div:nth-of-type(1)>div:nth-of-type(1)>div:nth-of-type(1)>div:nth-of-type(8)>address:nth-of-type(1)>a:nth-of-type(2),Tel. +385 51 688 380,raw/published/html/695e1eeeb10c5fb8eeaba88d.html,tel:+38551688380
extracted,contact-or-sedation-link,/su-di-noi/impianti-di-nuova-generazione,it,dom:body:nth-of-type(1)>footer:nth-of-type(1)>section:nth-of-type(1)>div:nth-of-type(1)>div:nth-of-type(1)>div:nth-of-type(1)>div:nth-of-type(8)>address:nth-of-type(1)>a:nth-of-type(3),it@dentvitalis.com,raw/published/html/695e1eeeb10c5fb8eeaba88d.html,mailto:it@dentvitalis.com
extracted,contact-or-sedation-link,/su-di-noi/impianti-di-nuova-generazione,it,dom:body:nth-of-type(1)>div:nth-of-type(5)>div:nth-of-type(1)>a:nth-of-type(1),Avvia chat su WhatsApp,raw/published/html/695e1eeeb10c5fb8eeaba88d.html,https://api.whatsapp.com/send?phone=+ADDNUMBERHERE
extracted,contact,/su-di-noi/materiali-e-apparecchiature,it,dom:body:nth-of-type(1)>footer:nth-of-type(1)>section:nth-of-type(1)>div:nth-of-type(1)>div:nth-of-type(1)>div:nth-of-type(1)>div:nth-of-type(8)>address:nth-of-type(1)>a:nth-of-type(1),Numero verde: 800 174 206,raw/published/html/695e1eeeb10c5fb8eeaba88c.html,
extracted,contact,/su-di-noi/materiali-e-apparecchiature,it,dom:body:nth-of-type(1)>div:nth-of-type(5)>div:nth-of-type(1)>a:nth-of-type(1)>div:nth-of-type(1)>div:nth-of-type(1),Avvia chat su WhatsApp,raw/published/html/695e1eeeb10c5fb8eeaba88c.html,
extracted,contact-or-sedation-link,/su-di-noi/materiali-e-apparecchiature,it,dom:body:nth-of-type(1)>div:nth-of-type(1)>div:nth-of-type(1)>div:nth-of-type(1)>nav:nth-of-type(1)>div:nth-of-type(2)>div:nth-of-type(1)>nav:nth-of-type(1)>div:nth-of-type(1)>div:nth-of-type(1)>a:nth-of-type(5), Sedazione cosciente,raw/published/html/695e1eeeb10c5fb8eeaba88c.html,/prestazioni/sedazione-cosciente
extracted,contact-or-sedation-link,/su-di-noi/materiali-e-apparecchiature,it,dom:body:nth-of-type(1)>footer:nth-of-type(1)>section:nth-of-type(1)>div:nth-of-type(1)>div:nth-of-type(1)>div:nth-of-type(1)>div:nth-of-type(2)>a:nth-of-type(8),Sedazione cosciente,raw/published/html/695e1eeeb10c5fb8eeaba88c.html,/prestazioni/sedazione-cosciente
extracted,contact-or-sedation-link,/su-di-noi/materiali-e-apparecchiature,it,dom:body:nth-of-type(1)>footer:nth-of-type(1)>section:nth-of-type(1)>div:nth-of-type(1)>div:nth-of-type(1)>div:nth-of-type(1)>div:nth-of-type(8)>address:nth-of-type(1)>a:nth-of-type(1),Numero verde: 800 174 206,raw/published/html/695e1eeeb10c5fb8eeaba88c.html,tel:800174206
extracted,contact-or-sedation-link,/su-di-noi/materiali-e-apparecchiature,it,dom:body:nth-of-type(1)>footer:nth-of-type(1)>section:nth-of-type(1)>div:nth-of-type(1)>div:nth-of-type(1)>div:nth-of-type(1)>div:nth-of-type(8)>address:nth-of-type(1)>a:nth-of-type(2),Tel. +385 51 688 380,raw/published/html/695e1eeeb10c5fb8eeaba88c.html,tel:+38551688380
extracted,contact-or-sedation-link,/su-di-noi/materiali-e-apparecchiature,it,dom:body:nth-of-type(1)>footer:nth-of-type(1)>section:nth-of-type(1)>div:nth-of-type(1)>div:nth-of-type(1)>div:nth-of-type(1)>div:nth-of-type(8)>address:nth-of-type(1)>a:nth-of-type(3),it@dentvitalis.com,raw/published/html/695e1eeeb10c5fb8eeaba88c.html,mailto:it@dentvitalis.com
extracted,contact-or-sedation-link,/su-di-noi/materiali-e-apparecchiature,it,dom:body:nth-of-type(1)>div:nth-of-type(5)>div:nth-of-type(1)>a:nth-of-type(1),Avvia chat su WhatsApp,raw/published/html/695e1eeeb10c5fb8eeaba88c.html,https://api.whatsapp.com/send?phone=+ADDNUMBERHERE
extracted,contact,/su-di-noi/laboratorio-odontotecnico,it,dom:body:nth-of-type(1)>footer:nth-of-type(1)>section:nth-of-type(1)>div:nth-of-type(1)>div:nth-of-type(1)>div:nth-of-type(1)>div:nth-of-type(8)>address:nth-of-type(1)>a:nth-of-type(1),Numero verde: 800 174 206,raw/published/html/695e1eeeb10c5fb8eeaba88b.html,
extracted,contact,/su-di-noi/laboratorio-odontotecnico,it,dom:body:nth-of-type(1)>div:nth-of-type(5)>div:nth-of-type(1)>a:nth-of-type(1)>div:nth-of-type(1)>div:nth-of-type(1),Avvia chat su WhatsApp,raw/published/html/695e1eeeb10c5fb8eeaba88b.html,
extracted,contact-or-sedation-link,/su-di-noi/laboratorio-odontotecnico,it,dom:body:nth-of-type(1)>div:nth-of-type(1)>div:nth-of-type(1)>div:nth-of-type(1)>nav:nth-of-type(1)>div:nth-of-type(2)>div:nth-of-type(1)>nav:nth-of-type(1)>div:nth-of-type(1)>div:nth-of-type(1)>a:nth-of-type(5), Sedazione cosciente,raw/published/html/695e1eeeb10c5fb8eeaba88b.html,/prestazioni/sedazione-cosciente
extracted,contact-or-sedation-link,/su-di-noi/laboratorio-odontotecnico,it,dom:body:nth-of-type(1)>footer:nth-of-type(1)>section:nth-of-type(1)>div:nth-of-type(1)>div:nth-of-type(1)>div:nth-of-type(1)>div:nth-of-type(2)>a:nth-of-type(8),Sedazione cosciente,raw/published/html/695e1eeeb10c5fb8eeaba88b.html,/prestazioni/sedazione-cosciente
extracted,contact-or-sedation-link,/su-di-noi/laboratorio-odontotecnico,it,dom:body:nth-of-type(1)>footer:nth-of-type(1)>section:nth-of-type(1)>div:nth-of-type(1)>div:nth-of-type(1)>div:nth-of-type(1)>div:nth-of-type(8)>address:nth-of-type(1)>a:nth-of-type(1),Numero verde: 800 174 206,raw/published/html/695e1eeeb10c5fb8eeaba88b.html,tel:800174206
extracted,contact-or-sedation-link,/su-di-noi/laboratorio-odontotecnico,it,dom:body:nth-of-type(1)>footer:nth-of-type(1)>section:nth-of-type(1)>div:nth-of-type(1)>div:nth-of-type(1)>div:nth-of-type(1)>div:nth-of-type(8)>address:nth-of-type(1)>a:nth-of-type(2),Tel. +385 51 688 380,raw/published/html/695e1eeeb10c5fb8eeaba88b.html,tel:+38551688380
extracted,contact-or-sedation-link,/su-di-noi/laboratorio-odontotecnico,it,dom:body:nth-of-type(1)>footer:nth-of-type(1)>section:nth-of-type(1)>div:nth-of-type(1)>div:nth-of-type(1)>div:nth-of-type(1)>div:nth-of-type(8)>address:nth-of-type(1)>a:nth-of-type(3),it@dentvitalis.com,raw/published/html/695e1eeeb10c5fb8eeaba88b.html,mailto:it@dentvitalis.com
extracted,contact-or-sedation-link,/su-di-noi/laboratorio-odontotecnico,it,dom:body:nth-of-type(1)>div:nth-of-type(5)>div:nth-of-type(1)>a:nth-of-type(1),Avvia chat su WhatsApp,raw/published/html/695e1eeeb10c5fb8eeaba88b.html,https://api.whatsapp.com/send?phone=+ADDNUMBERHERE
extracted,distance,/su-di-noi/come-raggiungerci,it,wf:16d7fccc-bcba-2654-d5a1-45df58a85388,"Siamo a Rijeka (Fiume), in Croazia, a soli 60 km da Trieste. Trasferimento gratuito.",raw/published/html/695e1eeeb10c5fb8eeaba88a.html,
extracted,contact,/su-di-noi/come-raggiungerci,it,dom:body:nth-of-type(1)>div:nth-of-type(4)>div:nth-of-type(1)>div:nth-of-type(2)>div:nth-of-type(3)>div:nth-of-type(1)>p:nth-of-type(2)>a:nth-of-type(2),Numero Verde 800 174 206.,raw/published/html/695e1eeeb10c5fb8eeaba88a.html,
extracted,contact,/su-di-noi/come-raggiungerci,it,dom:body:nth-of-type(1)>footer:nth-of-type(1)>section:nth-of-type(1)>div:nth-of-type(1)>div:nth-of-type(1)>div:nth-of-type(1)>div:nth-of-type(8)>address:nth-of-type(1)>a:nth-of-type(1),Numero verde: 800 174 206,raw/published/html/695e1eeeb10c5fb8eeaba88a.html,
extracted,contact,/su-di-noi/come-raggiungerci,it,dom:body:nth-of-type(1)>div:nth-of-type(5)>div:nth-of-type(1)>a:nth-of-type(1)>div:nth-of-type(1)>div:nth-of-type(1),Avvia chat su WhatsApp,raw/published/html/695e1eeeb10c5fb8eeaba88a.html,
extracted,contact-or-sedation-link,/su-di-noi/come-raggiungerci,it,dom:body:nth-of-type(1)>div:nth-of-type(1)>div:nth-of-type(1)>div:nth-of-type(1)>nav:nth-of-type(1)>div:nth-of-type(2)>div:nth-of-type(1)>nav:nth-of-type(1)>div:nth-of-type(1)>div:nth-of-type(1)>a:nth-of-type(5), Sedazione cosciente,raw/published/html/695e1eeeb10c5fb8eeaba88a.html,/prestazioni/sedazione-cosciente
extracted,contact-or-sedation-link,/su-di-noi/come-raggiungerci,it,dom:body:nth-of-type(1)>div:nth-of-type(4)>div:nth-of-type(1)>div:nth-of-type(2)>div:nth-of-type(3)>div:nth-of-type(1)>p:nth-of-type(2)>a:nth-of-type(2),Numero Verde 800 174 206.,raw/published/html/695e1eeeb10c5fb8eeaba88a.html,tel:800174206
extracted,contact-or-sedation-link,/su-di-noi/come-raggiungerci,it,dom:body:nth-of-type(1)>footer:nth-of-type(1)>section:nth-of-type(1)>div:nth-of-type(1)>div:nth-of-type(1)>div:nth-of-type(1)>div:nth-of-type(2)>a:nth-of-type(8),Sedazione cosciente,raw/published/html/695e1eeeb10c5fb8eeaba88a.html,/prestazioni/sedazione-cosciente
extracted,contact-or-sedation-link,/su-di-noi/come-raggiungerci,it,dom:body:nth-of-type(1)>footer:nth-of-type(1)>section:nth-of-type(1)>div:nth-of-type(1)>div:nth-of-type(1)>div:nth-of-type(1)>div:nth-of-type(8)>address:nth-of-type(1)>a:nth-of-type(1),Numero verde: 800 174 206,raw/published/html/695e1eeeb10c5fb8eeaba88a.html,tel:800174206
extracted,contact-or-sedation-link,/su-di-noi/come-raggiungerci,it,dom:body:nth-of-type(1)>footer:nth-of-type(1)>section:nth-of-type(1)>div:nth-of-type(1)>div:nth-of-type(1)>div:nth-of-type(1)>div:nth-of-type(8)>address:nth-of-type(1)>a:nth-of-type(2),Tel. +385 51 688 380,raw/published/html/695e1eeeb10c5fb8eeaba88a.html,tel:+38551688380
extracted,contact-or-sedation-link,/su-di-noi/come-raggiungerci,it,dom:body:nth-of-type(1)>footer:nth-of-type(1)>section:nth-of-type(1)>div:nth-of-type(1)>div:nth-of-type(1)>div:nth-of-type(1)>div:nth-of-type(8)>address:nth-of-type(1)>a:nth-of-type(3),it@dentvitalis.com,raw/published/html/695e1eeeb10c5fb8eeaba88a.html,mailto:it@dentvitalis.com
extracted,contact-or-sedation-link,/su-di-noi/come-raggiungerci,it,dom:body:nth-of-type(1)>div:nth-of-type(5)>div:nth-of-type(1)>a:nth-of-type(1),Avvia chat su WhatsApp,raw/published/html/695e1eeeb10c5fb8eeaba88a.html,https://api.whatsapp.com/send?phone=+ADDNUMBERHERE
extracted,contact,/su-di-noi/tutto-in-un-unico-luogo,it,dom:body:nth-of-type(1)>footer:nth-of-type(1)>section:nth-of-type(1)>div:nth-of-type(1)>div:nth-of-type(1)>div:nth-of-type(1)>div:nth-of-type(8)>address:nth-of-type(1)>a:nth-of-type(1),Numero verde: 800 174 206,raw/published/html/695e1eeeb10c5fb8eeaba889.html,
extracted,contact,/su-di-noi/tutto-in-un-unico-luogo,it,dom:body:nth-of-type(1)>div:nth-of-type(5)>div:nth-of-type(1)>a:nth-of-type(1)>div:nth-of-type(1)>div:nth-of-type(1),Avvia chat su WhatsApp,raw/published/html/695e1eeeb10c5fb8eeaba889.html,
extracted,contact-or-sedation-link,/su-di-noi/tutto-in-un-unico-luogo,it,dom:body:nth-of-type(1)>div:nth-of-type(1)>div:nth-of-type(1)>div:nth-of-type(1)>nav:nth-of-type(1)>div:nth-of-type(2)>div:nth-of-type(1)>nav:nth-of-type(1)>div:nth-of-type(1)>div:nth-of-type(1)>a:nth-of-type(5), Sedazione cosciente,raw/published/html/695e1eeeb10c5fb8eeaba889.html,/prestazioni/sedazione-cosciente
extracted,contact-or-sedation-link,/su-di-noi/tutto-in-un-unico-luogo,it,dom:body:nth-of-type(1)>div:nth-of-type(4)>div:nth-of-type(1)>div:nth-of-type(2)>div:nth-of-type(5)>div:nth-of-type(1)>p:nth-of-type(1)>a:nth-of-type(1),sedazione cosciente,raw/published/html/695e1eeeb10c5fb8eeaba889.html,/prestazioni/sedazione-cosciente
extracted,contact-or-sedation-link,/su-di-noi/tutto-in-un-unico-luogo,it,dom:body:nth-of-type(1)>footer:nth-of-type(1)>section:nth-of-type(1)>div:nth-of-type(1)>div:nth-of-type(1)>div:nth-of-type(1)>div:nth-of-type(2)>a:nth-of-type(8),Sedazione cosciente,raw/published/html/695e1eeeb10c5fb8eeaba889.html,/prestazioni/sedazione-cosciente
extracted,contact-or-sedation-link,/su-di-noi/tutto-in-un-unico-luogo,it,dom:body:nth-of-type(1)>footer:nth-of-type(1)>section:nth-of-type(1)>div:nth-of-type(1)>div:nth-of-type(1)>div:nth-of-type(1)>div:nth-of-type(8)>address:nth-of-type(1)>a:nth-of-type(1),Numero verde: 800 174 206,raw/published/html/695e1eeeb10c5fb8eeaba889.html,tel:800174206
extracted,contact-or-sedation-link,/su-di-noi/tutto-in-un-unico-luogo,it,dom:body:nth-of-type(1)>footer:nth-of-type(1)>section:nth-of-type(1)>div:nth-of-type(1)>div:nth-of-type(1)>div:nth-of-type(1)>div:nth-of-type(8)>address:nth-of-type(1)>a:nth-of-type(2),Tel. +385 51 688 380,raw/published/html/695e1eeeb10c5fb8eeaba889.html,tel:+38551688380
extracted,contact-or-sedation-link,/su-di-noi/tutto-in-un-unico-luogo,it,dom:body:nth-of-type(1)>footer:nth-of-type(1)>section:nth-of-type(1)>div:nth-of-type(1)>div:nth-of-type(1)>div:nth-of-type(1)>div:nth-of-type(8)>address:nth-of-type(1)>a:nth-of-type(3),it@dentvitalis.com,raw/published/html/695e1eeeb10c5fb8eeaba889.html,mailto:it@dentvitalis.com
extracted,contact-or-sedation-link,/su-di-noi/tutto-in-un-unico-luogo,it,dom:body:nth-of-type(1)>div:nth-of-type(5)>div:nth-of-type(1)>a:nth-of-type(1),Avvia chat su WhatsApp,raw/published/html/695e1eeeb10c5fb8eeaba889.html,https://api.whatsapp.com/send?phone=+ADDNUMBERHERE
extracted,contact,/su-di-noi/i-nostri-specialisti,it,dom:body:nth-of-type(1)>footer:nth-of-type(1)>section:nth-of-type(1)>div:nth-of-type(1)>div:nth-of-type(1)>div:nth-of-type(1)>div:nth-of-type(8)>address:nth-of-type(1)>a:nth-of-type(1),Numero verde: 800 174 206,raw/published/html/695e1eeeb10c5fb8eeaba888.html,
extracted,contact,/su-di-noi/i-nostri-specialisti,it,dom:body:nth-of-type(1)>div:nth-of-type(5)>div:nth-of-type(1)>a:nth-of-type(1)>div:nth-of-type(1)>div:nth-of-type(1),Avvia chat su WhatsApp,raw/published/html/695e1eeeb10c5fb8eeaba888.html,
extracted,contact-or-sedation-link,/su-di-noi/i-nostri-specialisti,it,dom:body:nth-of-type(1)>div:nth-of-type(1)>div:nth-of-type(1)>div:nth-of-type(1)>nav:nth-of-type(1)>div:nth-of-type(2)>div:nth-of-type(1)>nav:nth-of-type(1)>div:nth-of-type(1)>div:nth-of-type(1)>a:nth-of-type(5), Sedazione cosciente,raw/published/html/695e1eeeb10c5fb8eeaba888.html,/prestazioni/sedazione-cosciente
extracted,contact-or-sedation-link,/su-di-noi/i-nostri-specialisti,it,dom:body:nth-of-type(1)>footer:nth-of-type(1)>section:nth-of-type(1)>div:nth-of-type(1)>div:nth-of-type(1)>div:nth-of-type(1)>div:nth-of-type(2)>a:nth-of-type(8),Sedazione cosciente,raw/published/html/695e1eeeb10c5fb8eeaba888.html,/prestazioni/sedazione-cosciente
extracted,contact-or-sedation-link,/su-di-noi/i-nostri-specialisti,it,dom:body:nth-of-type(1)>footer:nth-of-type(1)>section:nth-of-type(1)>div:nth-of-type(1)>div:nth-of-type(1)>div:nth-of-type(1)>div:nth-of-type(8)>address:nth-of-type(1)>a:nth-of-type(1),Numero verde: 800 174 206,raw/published/html/695e1eeeb10c5fb8eeaba888.html,tel:800174206
extracted,contact-or-sedation-link,/su-di-noi/i-nostri-specialisti,it,dom:body:nth-of-type(1)>footer:nth-of-type(1)>section:nth-of-type(1)>div:nth-of-type(1)>div:nth-of-type(1)>div:nth-of-type(1)>div:nth-of-type(8)>address:nth-of-type(1)>a:nth-of-type(2),Tel. +385 51 688 380,raw/published/html/695e1eeeb10c5fb8eeaba888.html,tel:+38551688380
extracted,contact-or-sedation-link,/su-di-noi/i-nostri-specialisti,it,dom:body:nth-of-type(1)>footer:nth-of-type(1)>section:nth-of-type(1)>div:nth-of-type(1)>div:nth-of-type(1)>div:nth-of-type(1)>div:nth-of-type(8)>address:nth-of-type(1)>a:nth-of-type(3),it@dentvitalis.com,raw/published/html/695e1eeeb10c5fb8eeaba888.html,mailto:it@dentvitalis.com
extracted,contact-or-sedation-link,/su-di-noi/i-nostri-specialisti,it,dom:body:nth-of-type(1)>div:nth-of-type(5)>div:nth-of-type(1)>a:nth-of-type(1),Avvia chat su WhatsApp,raw/published/html/695e1eeeb10c5fb8eeaba888.html,https://api.whatsapp.com/send?phone=+ADDNUMBERHERE
extracted,price,/prestazioni/corone-faccette-ponti-e-protesi,it,dom:body:nth-of-type(1)>div:nth-of-type(4)>div:nth-of-type(1)>div:nth-of-type(1)>div:nth-of-type(1)>div:nth-of-type(1),Prezzo a partire da 220 €,raw/published/html/695e1eeeb10c5fb8eeaba886.html,
extracted,price,/prestazioni/corone-faccette-ponti-e-protesi,it,id:w-node-_34818983-08ec-1501-08f7-7c1ea736d27f-eeaba886,Corone dentali a partire da 220 €,raw/published/html/695e1eeeb10c5fb8eeaba886.html,
extracted,price,/prestazioni/corone-faccette-ponti-e-protesi,it,id:w-node-b3df0772-d621-9de8-ce3c-592573daf6f7-eeaba886,Protesi mobili e semifisse a partire da 319 €,raw/published/html/695e1eeeb10c5fb8eeaba886.html,
extracted,price,/prestazioni/corone-faccette-ponti-e-protesi,it,id:w-node-_30e35929-1763-04b0-6664-108d6cae3785-eeaba886,Faccette estetiche a partire da 420 €,raw/published/html/695e1eeeb10c5fb8eeaba886.html,
extracted,price,/prestazioni/corone-faccette-ponti-e-protesi,it,dom:body:nth-of-type(1)>div:nth-of-type(4)>div:nth-of-type(1)>div:nth-of-type(2)>div:nth-of-type(2)>p:nth-of-type(2),Prezzo a partire da 220 €,raw/published/html/695e1eeeb10c5fb8eeaba886.html,
extracted,price,/prestazioni/corone-faccette-ponti-e-protesi,it,dom:body:nth-of-type(1)>div:nth-of-type(4)>div:nth-of-type(1)>div:nth-of-type(2)>div:nth-of-type(6)>p:nth-of-type(2),Prezzo a partire da 319 €,raw/published/html/695e1eeeb10c5fb8eeaba886.html,
extracted,price,/prestazioni/corone-faccette-ponti-e-protesi,it,dom:body:nth-of-type(1)>div:nth-of-type(4)>div:nth-of-type(1)>div:nth-of-type(2)>div:nth-of-type(8)>p:nth-of-type(2),Prezzo a partire da 420 €,raw/published/html/695e1eeeb10c5fb8eeaba886.html,
extracted,price,/prestazioni/corone-faccette-ponti-e-protesi,it,dom:body:nth-of-type(1)>section:nth-of-type(1)>div:nth-of-type(1)>div:nth-of-type(1)>div:nth-of-type(1)>div:nth-of-type(2)>div:nth-of-type(1)>div:nth-of-type(1),Prezzo fisso a 2.990 €,raw/published/html/695e1eeeb10c5fb8eeaba886.html,
extracted,price,/prestazioni/corone-faccette-ponti-e-protesi,it,dom:body:nth-of-type(1)>section:nth-of-type(1)>div:nth-of-type(1)>div:nth-of-type(1)>div:nth-of-type(2)>div:nth-of-type(2)>div:nth-of-type(1)>div:nth-of-type(1),Prezzo fisso a 4.990 €,raw/published/html/695e1eeeb10c5fb8eeaba886.html,
extracted,price,/prestazioni/corone-faccette-ponti-e-protesi,it,dom:body:nth-of-type(1)>section:nth-of-type(1)>div:nth-of-type(1)>div:nth-of-type(1)>div:nth-of-type(3)>div:nth-of-type(2)>div:nth-of-type(1)>div:nth-of-type(1)>strong:nth-of-type(1),Prezzo fisso a 250 €,raw/published/html/695e1eeeb10c5fb8eeaba886.html,
extracted,contact,/prestazioni/corone-faccette-ponti-e-protesi,it,dom:body:nth-of-type(1)>footer:nth-of-type(1)>section:nth-of-type(1)>div:nth-of-type(1)>div:nth-of-type(1)>div:nth-of-type(1)>div:nth-of-type(8)>address:nth-of-type(1)>a:nth-of-type(1),Numero verde: 800 174 206,raw/published/html/695e1eeeb10c5fb8eeaba886.html,
extracted,contact,/prestazioni/corone-faccette-ponti-e-protesi,it,dom:body:nth-of-type(1)>div:nth-of-type(5)>div:nth-of-type(1)>a:nth-of-type(1)>div:nth-of-type(1)>div:nth-of-type(1),Avvia chat su WhatsApp,raw/published/html/695e1eeeb10c5fb8eeaba886.html,
extracted,contact-or-sedation-link,/prestazioni/corone-faccette-ponti-e-protesi,it,dom:body:nth-of-type(1)>div:nth-of-type(1)>div:nth-of-type(1)>div:nth-of-type(1)>nav:nth-of-type(1)>div:nth-of-type(2)>div:nth-of-type(1)>nav:nth-of-type(1)>div:nth-of-type(1)>div:nth-of-type(1)>a:nth-of-type(5), Sedazione cosciente,raw/published/html/695e1eeeb10c5fb8eeaba886.html,/prestazioni/sedazione-cosciente
extracted,contact-or-sedation-link,/prestazioni/corone-faccette-ponti-e-protesi,it,dom:body:nth-of-type(1)>section:nth-of-type(1)>div:nth-of-type(1)>div:nth-of-type(1)>div:nth-of-type(4)>div:nth-of-type(1)>a:nth-of-type(1),Sedazione cosciente,raw/published/html/695e1eeeb10c5fb8eeaba886.html,/prestazioni/sedazione-cosciente
extracted,contact-or-sedation-link,/prestazioni/corone-faccette-ponti-e-protesi,it,dom:body:nth-of-type(1)>footer:nth-of-type(1)>section:nth-of-type(1)>div:nth-of-type(1)>div:nth-of-type(1)>div:nth-of-type(1)>div:nth-of-type(2)>a:nth-of-type(8),Sedazione cosciente,raw/published/html/695e1eeeb10c5fb8eeaba886.html,/prestazioni/sedazione-cosciente
extracted,contact-or-sedation-link,/prestazioni/corone-faccette-ponti-e-protesi,it,dom:body:nth-of-type(1)>footer:nth-of-type(1)>section:nth-of-type(1)>div:nth-of-type(1)>div:nth-of-type(1)>div:nth-of-type(1)>div:nth-of-type(8)>address:nth-of-type(1)>a:nth-of-type(1),Numero verde: 800 174 206,raw/published/html/695e1eeeb10c5fb8eeaba886.html,tel:800174206
extracted,contact-or-sedation-link,/prestazioni/corone-faccette-ponti-e-protesi,it,dom:body:nth-of-type(1)>footer:nth-of-type(1)>section:nth-of-type(1)>div:nth-of-type(1)>div:nth-of-type(1)>div:nth-of-type(1)>div:nth-of-type(8)>address:nth-of-type(1)>a:nth-of-type(2),Tel. +385 51 688 380,raw/published/html/695e1eeeb10c5fb8eeaba886.html,tel:+38551688380
extracted,contact-or-sedation-link,/prestazioni/corone-faccette-ponti-e-protesi,it,dom:body:nth-of-type(1)>footer:nth-of-type(1)>section:nth-of-type(1)>div:nth-of-type(1)>div:nth-of-type(1)>div:nth-of-type(1)>div:nth-of-type(8)>address:nth-of-type(1)>a:nth-of-type(3),it@dentvitalis.com,raw/published/html/695e1eeeb10c5fb8eeaba886.html,mailto:it@dentvitalis.com
extracted,contact-or-sedation-link,/prestazioni/corone-faccette-ponti-e-protesi,it,dom:body:nth-of-type(1)>div:nth-of-type(5)>div:nth-of-type(1)>a:nth-of-type(1),Avvia chat su WhatsApp,raw/published/html/695e1eeeb10c5fb8eeaba886.html,https://api.whatsapp.com/send?phone=+ADDNUMBERHERE
extracted,price,/prestazioni/sbiancamento-dei-denti,it,dom:body:nth-of-type(1)>div:nth-of-type(4)>div:nth-of-type(1)>div:nth-of-type(1)>div:nth-of-type(1)>a:nth-of-type(1)>div:nth-of-type(1)>span:nth-of-type(1)>strong:nth-of-type(1),"(202,5 €*)",raw/published/html/695e1eeeb10c5fb8eeaba885.html,
extracted,price,/prestazioni/sbiancamento-dei-denti,it,dom:body:nth-of-type(1)>div:nth-of-type(4)>div:nth-of-type(1)>div:nth-of-type(2)>div:nth-of-type(9)>p:nth-of-type(3),Prezzo a partire da 119 €,raw/published/html/695e1eeeb10c5fb8eeaba885.html,
extracted,price,/prestazioni/sbiancamento-dei-denti,it,dom:body:nth-of-type(1)>section:nth-of-type(1)>div:nth-of-type(1)>div:nth-of-type(1)>div:nth-of-type(1)>div:nth-of-type(2)>div:nth-of-type(1)>div:nth-of-type(1),Prezzo fisso a 2.990 €,raw/published/html/695e1eeeb10c5fb8eeaba885.html,
extracted,price,/prestazioni/sbiancamento-dei-denti,it,dom:body:nth-of-type(1)>section:nth-of-type(1)>div:nth-of-type(1)>div:nth-of-type(1)>div:nth-of-type(2)>div:nth-of-type(2)>div:nth-of-type(1)>div:nth-of-type(1),Prezzo fisso a 4.990 €,raw/published/html/695e1eeeb10c5fb8eeaba885.html,
extracted,price,/prestazioni/sbiancamento-dei-denti,it,dom:body:nth-of-type(1)>section:nth-of-type(1)>div:nth-of-type(1)>div:nth-of-type(1)>div:nth-of-type(3)>div:nth-of-type(2)>div:nth-of-type(1)>div:nth-of-type(1)>strong:nth-of-type(1),A partire da 220 €,raw/published/html/695e1eeeb10c5fb8eeaba885.html,
extracted,contact,/prestazioni/sbiancamento-dei-denti,it,dom:body:nth-of-type(1)>footer:nth-of-type(1)>section:nth-of-type(1)>div:nth-of-type(1)>div:nth-of-type(1)>div:nth-of-type(1)>div:nth-of-type(8)>address:nth-of-type(1)>a:nth-of-type(1),Numero verde: 800 174 206,raw/published/html/695e1eeeb10c5fb8eeaba885.html,
extracted,contact,/prestazioni/sbiancamento-dei-denti,it,dom:body:nth-of-type(1)>div:nth-of-type(5)>div:nth-of-type(1)>a:nth-of-type(1)>div:nth-of-type(1)>div:nth-of-type(1),Avvia chat su WhatsApp,raw/published/html/695e1eeeb10c5fb8eeaba885.html,
extracted,contact-or-sedation-link,/prestazioni/sbiancamento-dei-denti,it,dom:body:nth-of-type(1)>div:nth-of-type(1)>div:nth-of-type(1)>div:nth-of-type(1)>nav:nth-of-type(1)>div:nth-of-type(2)>div:nth-of-type(1)>nav:nth-of-type(1)>div:nth-of-type(1)>div:nth-of-type(1)>a:nth-of-type(5), Sedazione cosciente,raw/published/html/695e1eeeb10c5fb8eeaba885.html,/prestazioni/sedazione-cosciente
extracted,contact-or-sedation-link,/prestazioni/sbiancamento-dei-denti,it,dom:body:nth-of-type(1)>section:nth-of-type(1)>div:nth-of-type(1)>div:nth-of-type(1)>div:nth-of-type(4)>div:nth-of-type(1)>a:nth-of-type(1),Sedazione cosciente,raw/published/html/695e1eeeb10c5fb8eeaba885.html,/prestazioni/sedazione-cosciente
extracted,contact-or-sedation-link,/prestazioni/sbiancamento-dei-denti,it,dom:body:nth-of-type(1)>footer:nth-of-type(1)>section:nth-of-type(1)>div:nth-of-type(1)>div:nth-of-type(1)>div:nth-of-type(1)>div:nth-of-type(2)>a:nth-of-type(8),Sedazione cosciente,raw/published/html/695e1eeeb10c5fb8eeaba885.html,/prestazioni/sedazione-cosciente
extracted,contact-or-sedation-link,/prestazioni/sbiancamento-dei-denti,it,dom:body:nth-of-type(1)>footer:nth-of-type(1)>section:nth-of-type(1)>div:nth-of-type(1)>div:nth-of-type(1)>div:nth-of-type(1)>div:nth-of-type(8)>address:nth-of-type(1)>a:nth-of-type(1),Numero verde: 800 174 206,raw/published/html/695e1eeeb10c5fb8eeaba885.html,tel:800174206
extracted,contact-or-sedation-link,/prestazioni/sbiancamento-dei-denti,it,dom:body:nth-of-type(1)>footer:nth-of-type(1)>section:nth-of-type(1)>div:nth-of-type(1)>div:nth-of-type(1)>div:nth-of-type(1)>div:nth-of-type(8)>address:nth-of-type(1)>a:nth-of-type(2),Tel. +385 51 688 380,raw/published/html/695e1eeeb10c5fb8eeaba885.html,tel:+38551688380
extracted,contact-or-sedation-link,/prestazioni/sbiancamento-dei-denti,it,dom:body:nth-of-type(1)>footer:nth-of-type(1)>section:nth-of-type(1)>div:nth-of-type(1)>div:nth-of-type(1)>div:nth-of-type(1)>div:nth-of-type(8)>address:nth-of-type(1)>a:nth-of-type(3),it@dentvitalis.com,raw/published/html/695e1eeeb10c5fb8eeaba885.html,mailto:it@dentvitalis.com
extracted,contact-or-sedation-link,/prestazioni/sbiancamento-dei-denti,it,dom:body:nth-of-type(1)>div:nth-of-type(5)>div:nth-of-type(1)>a:nth-of-type(1),Avvia chat su WhatsApp,raw/published/html/695e1eeeb10c5fb8eeaba885.html,https://api.whatsapp.com/send?phone=+ADDNUMBERHERE
extracted,price,/prestazioni/premium-ponte-fisso-su-impianti,it,dom:body:nth-of-type(1)>div:nth-of-type(4)>div:nth-of-type(1)>div:nth-of-type(1)>div:nth-of-type(1)>a:nth-of-type(1)>div:nth-of-type(1)>span:nth-of-type(1)>strong:nth-of-type(1),"(4.041,9 €*)",raw/published/html/695e1eeeb10c5fb8eeaba884.html,
extracted,time_claim,/prestazioni/premium-ponte-fisso-su-impianti,it,id:w-node-e088f9be-6b61-c156-9d33-fdadb9adb632-eeaba884,Ponte fisso provvisorio OnX entro 24 ore,raw/published/html/695e1eeeb10c5fb8eeaba884.html,
extracted,time_claim,/prestazioni/premium-ponte-fisso-su-impianti,it,dom:body:nth-of-type(1)>div:nth-of-type(4)>div:nth-of-type(1)>div:nth-of-type(2)>div:nth-of-type(5)>p:nth-of-type(1),"Entro 24 ore dall'inserimento degli impianti, viene fissato un ponte OnX. A differenza dei ponti in acrilico, questi garantiscono una resistenza e un’estetica eccezionali, offrendo una protezione supplementare agli impianti e favorendone l'integrazione nell’osso.",raw/published/html/695e1eeeb10c5fb8eeaba884.html,
extracted,price,/prestazioni/premium-ponte-fisso-su-impianti,it,dom:body:nth-of-type(1)>section:nth-of-type(1)>div:nth-of-type(1)>div:nth-of-type(1)>div:nth-of-type(1)>div:nth-of-type(2)>div:nth-of-type(1)>div:nth-of-type(1),Prezzo fisso a 2.990 €,raw/published/html/695e1eeeb10c5fb8eeaba884.html,
extracted,price,/prestazioni/premium-ponte-fisso-su-impianti,it,dom:body:nth-of-type(1)>section:nth-of-type(1)>div:nth-of-type(1)>div:nth-of-type(1)>div:nth-of-type(2)>div:nth-of-type(2)>div:nth-of-type(1)>div:nth-of-type(1)>strong:nth-of-type(1),Prezzo fisso a 250 €,raw/published/html/695e1eeeb10c5fb8eeaba884.html,
extracted,price,/prestazioni/premium-ponte-fisso-su-impianti,it,dom:body:nth-of-type(1)>section:nth-of-type(1)>div:nth-of-type(1)>div:nth-of-type(1)>div:nth-of-type(3)>div:nth-of-type(2)>div:nth-of-type(1)>div:nth-of-type(1)>strong:nth-of-type(1),A partire da 220 €,raw/published/html/695e1eeeb10c5fb8eeaba884.html,
extracted,contact,/prestazioni/premium-ponte-fisso-su-impianti,it,dom:body:nth-of-type(1)>footer:nth-of-type(1)>section:nth-of-type(1)>div:nth-of-type(1)>div:nth-of-type(1)>div:nth-of-type(1)>div:nth-of-type(8)>address:nth-of-type(1)>a:nth-of-type(1),Numero verde: 800 174 206,raw/published/html/695e1eeeb10c5fb8eeaba884.html,
extracted,contact,/prestazioni/premium-ponte-fisso-su-impianti,it,dom:body:nth-of-type(1)>div:nth-of-type(5)>div:nth-of-type(1)>a:nth-of-type(1)>div:nth-of-type(1)>div:nth-of-type(1),Avvia chat su WhatsApp,raw/published/html/695e1eeeb10c5fb8eeaba884.html,
extracted,contact-or-sedation-link,/prestazioni/premium-ponte-fisso-su-impianti,it,dom:body:nth-of-type(1)>div:nth-of-type(1)>div:nth-of-type(1)>div:nth-of-type(1)>nav:nth-of-type(1)>div:nth-of-type(2)>div:nth-of-type(1)>nav:nth-of-type(1)>div:nth-of-type(1)>div:nth-of-type(1)>a:nth-of-type(5), Sedazione cosciente,raw/published/html/695e1eeeb10c5fb8eeaba884.html,/prestazioni/sedazione-cosciente
extracted,contact-or-sedation-link,/prestazioni/premium-ponte-fisso-su-impianti,it,dom:body:nth-of-type(1)>div:nth-of-type(4)>div:nth-of-type(1)>div:nth-of-type(2)>div:nth-of-type(2)>a:nth-of-type(1),Sedazione cosciente disponibile su richiesta ,raw/published/html/695e1eeeb10c5fb8eeaba884.html,/prestazioni/sedazione-cosciente
extracted,contact-or-sedation-link,/prestazioni/premium-ponte-fisso-su-impianti,it,dom:body:nth-of-type(1)>section:nth-of-type(1)>div:nth-of-type(1)>div:nth-of-type(1)>div:nth-of-type(4)>div:nth-of-type(1)>a:nth-of-type(1),Sedazione cosciente,raw/published/html/695e1eeeb10c5fb8eeaba884.html,/prestazioni/sedazione-cosciente
extracted,contact-or-sedation-link,/prestazioni/premium-ponte-fisso-su-impianti,it,dom:body:nth-of-type(1)>footer:nth-of-type(1)>section:nth-of-type(1)>div:nth-of-type(1)>div:nth-of-type(1)>div:nth-of-type(1)>div:nth-of-type(2)>a:nth-of-type(8),Sedazione cosciente,raw/published/html/695e1eeeb10c5fb8eeaba884.html,/prestazioni/sedazione-cosciente
extracted,contact-or-sedation-link,/prestazioni/premium-ponte-fisso-su-impianti,it,dom:body:nth-of-type(1)>footer:nth-of-type(1)>section:nth-of-type(1)>div:nth-of-type(1)>div:nth-of-type(1)>div:nth-of-type(1)>div:nth-of-type(8)>address:nth-of-type(1)>a:nth-of-type(1),Numero verde: 800 174 206,raw/published/html/695e1eeeb10c5fb8eeaba884.html,tel:800174206
extracted,contact-or-sedation-link,/prestazioni/premium-ponte-fisso-su-impianti,it,dom:body:nth-of-type(1)>footer:nth-of-type(1)>section:nth-of-type(1)>div:nth-of-type(1)>div:nth-of-type(1)>div:nth-of-type(1)>div:nth-of-type(8)>address:nth-of-type(1)>a:nth-of-type(2),Tel. +385 51 688 380,raw/published/html/695e1eeeb10c5fb8eeaba884.html,tel:+38551688380
extracted,contact-or-sedation-link,/prestazioni/premium-ponte-fisso-su-impianti,it,dom:body:nth-of-type(1)>footer:nth-of-type(1)>section:nth-of-type(1)>div:nth-of-type(1)>div:nth-of-type(1)>div:nth-of-type(1)>div:nth-of-type(8)>address:nth-of-type(1)>a:nth-of-type(3),it@dentvitalis.com,raw/published/html/695e1eeeb10c5fb8eeaba884.html,mailto:it@dentvitalis.com
extracted,contact-or-sedation-link,/prestazioni/premium-ponte-fisso-su-impianti,it,dom:body:nth-of-type(1)>div:nth-of-type(5)>div:nth-of-type(1)>a:nth-of-type(1),Avvia chat su WhatsApp,raw/published/html/695e1eeeb10c5fb8eeaba884.html,https://api.whatsapp.com/send?phone=+ADDNUMBERHERE
extracted,price,/prestazioni/protesi-definitiva-ancorata-su-4-impianti,it,dom:body:nth-of-type(1)>div:nth-of-type(4)>div:nth-of-type(1)>div:nth-of-type(1)>div:nth-of-type(1)>a:nth-of-type(1)>div:nth-of-type(1)>span:nth-of-type(1)>strong:nth-of-type(1),"(2.421,9 €*)",raw/published/html/695e1eeeb10c5fb8eeaba882.html,
extracted,price,/prestazioni/protesi-definitiva-ancorata-su-4-impianti,it,dom:body:nth-of-type(1)>section:nth-of-type(1)>div:nth-of-type(1)>div:nth-of-type(1)>div:nth-of-type(1)>div:nth-of-type(2)>div:nth-of-type(1)>div:nth-of-type(1),Prezzo fisso a 4.990 €,raw/published/html/695e1eeeb10c5fb8eeaba882.html,
extracted,price,/prestazioni/protesi-definitiva-ancorata-su-4-impianti,it,dom:body:nth-of-type(1)>section:nth-of-type(1)>div:nth-of-type(1)>div:nth-of-type(1)>div:nth-of-type(2)>div:nth-of-type(2)>div:nth-of-type(1)>div:nth-of-type(1)>strong:nth-of-type(1),Prezzo fisso a 250 €,raw/published/html/695e1eeeb10c5fb8eeaba882.html,
extracted,price,/prestazioni/protesi-definitiva-ancorata-su-4-impianti,it,dom:body:nth-of-type(1)>section:nth-of-type(1)>div:nth-of-type(1)>div:nth-of-type(1)>div:nth-of-type(3)>div:nth-of-type(2)>div:nth-of-type(1)>div:nth-of-type(1)>strong:nth-of-type(1),A partire da 220 €,raw/published/html/695e1eeeb10c5fb8eeaba882.html,
extracted,contact,/prestazioni/protesi-definitiva-ancorata-su-4-impianti,it,dom:body:nth-of-type(1)>footer:nth-of-type(1)>section:nth-of-type(1)>div:nth-of-type(1)>div:nth-of-type(1)>div:nth-of-type(1)>div:nth-of-type(8)>address:nth-of-type(1)>a:nth-of-type(1),Numero verde: 800 174 206,raw/published/html/695e1eeeb10c5fb8eeaba882.html,
extracted,contact,/prestazioni/protesi-definitiva-ancorata-su-4-impianti,it,dom:body:nth-of-type(1)>div:nth-of-type(5)>div:nth-of-type(1)>a:nth-of-type(1)>div:nth-of-type(1)>div:nth-of-type(1),Avvia chat su WhatsApp,raw/published/html/695e1eeeb10c5fb8eeaba882.html,
extracted,contact-or-sedation-link,/prestazioni/protesi-definitiva-ancorata-su-4-impianti,it,dom:body:nth-of-type(1)>div:nth-of-type(1)>div:nth-of-type(1)>div:nth-of-type(1)>nav:nth-of-type(1)>div:nth-of-type(2)>div:nth-of-type(1)>nav:nth-of-type(1)>div:nth-of-type(1)>div:nth-of-type(1)>a:nth-of-type(5), Sedazione cosciente,raw/published/html/695e1eeeb10c5fb8eeaba882.html,/prestazioni/sedazione-cosciente
extracted,contact-or-sedation-link,/prestazioni/protesi-definitiva-ancorata-su-4-impianti,it,dom:body:nth-of-type(1)>section:nth-of-type(1)>div:nth-of-type(1)>div:nth-of-type(1)>div:nth-of-type(4)>div:nth-of-type(1)>a:nth-of-type(1),Sedazione cosciente,raw/published/html/695e1eeeb10c5fb8eeaba882.html,/prestazioni/sedazione-cosciente
extracted,contact-or-sedation-link,/prestazioni/protesi-definitiva-ancorata-su-4-impianti,it,dom:body:nth-of-type(1)>footer:nth-of-type(1)>section:nth-of-type(1)>div:nth-of-type(1)>div:nth-of-type(1)>div:nth-of-type(1)>div:nth-of-type(2)>a:nth-of-type(8),Sedazione cosciente,raw/published/html/695e1eeeb10c5fb8eeaba882.html,/prestazioni/sedazione-cosciente
extracted,contact-or-sedation-link,/prestazioni/protesi-definitiva-ancorata-su-4-impianti,it,dom:body:nth-of-type(1)>footer:nth-of-type(1)>section:nth-of-type(1)>div:nth-of-type(1)>div:nth-of-type(1)>div:nth-of-type(1)>div:nth-of-type(8)>address:nth-of-type(1)>a:nth-of-type(1),Numero verde: 800 174 206,raw/published/html/695e1eeeb10c5fb8eeaba882.html,tel:800174206
extracted,contact-or-sedation-link,/prestazioni/protesi-definitiva-ancorata-su-4-impianti,it,dom:body:nth-of-type(1)>footer:nth-of-type(1)>section:nth-of-type(1)>div:nth-of-type(1)>div:nth-of-type(1)>div:nth-of-type(1)>div:nth-of-type(8)>address:nth-of-type(1)>a:nth-of-type(2),Tel. +385 51 688 380,raw/published/html/695e1eeeb10c5fb8eeaba882.html,tel:+38551688380
extracted,contact-or-sedation-link,/prestazioni/protesi-definitiva-ancorata-su-4-impianti,it,dom:body:nth-of-type(1)>footer:nth-of-type(1)>section:nth-of-type(1)>div:nth-of-type(1)>div:nth-of-type(1)>div:nth-of-type(1)>div:nth-of-type(8)>address:nth-of-type(1)>a:nth-of-type(3),it@dentvitalis.com,raw/published/html/695e1eeeb10c5fb8eeaba882.html,mailto:it@dentvitalis.com
extracted,contact-or-sedation-link,/prestazioni/protesi-definitiva-ancorata-su-4-impianti,it,dom:body:nth-of-type(1)>div:nth-of-type(5)>div:nth-of-type(1)>a:nth-of-type(1),Avvia chat su WhatsApp,raw/published/html/695e1eeeb10c5fb8eeaba882.html,https://api.whatsapp.com/send?phone=+ADDNUMBERHERE
extracted,price,/,it,dom:body:nth-of-type(1)>section:nth-of-type(1)>div:nth-of-type(1)>div:nth-of-type(2)>div:nth-of-type(1)>div:nth-of-type(1)>div:nth-of-type(1)>h1:nth-of-type(1)>strong:nth-of-type(1),Prezzo fisso a 4.990€,raw/published/html/695e1eeeb10c5fb8eeaba87c.html,
extracted,distance,/,it,dom:body:nth-of-type(1)>div:nth-of-type(2)>div:nth-of-type(1)>div:nth-of-type(1)>div:nth-of-type(1)>div:nth-of-type(1)>div:nth-of-type(1),A soli 65 km da Trieste: ponte fisso su impianti in 24 ore. Tutti i lavori inclusi nel prezzo.,raw/published/html/695e1eeeb10c5fb8eeaba87c.html,
extracted,time_claim,/,it,dom:body:nth-of-type(1)>div:nth-of-type(2)>div:nth-of-type(1)>div:nth-of-type(1)>div:nth-of-type(1)>div:nth-of-type(1)>div:nth-of-type(1),A soli 65 km da Trieste: ponte fisso su impianti in 24 ore. Tutti i lavori inclusi nel prezzo.,raw/published/html/695e1eeeb10c5fb8eeaba87c.html,
extracted,price,/,it,dom:body:nth-of-type(1)>section:nth-of-type(3)>div:nth-of-type(2)>div:nth-of-type(1)>div:nth-of-type(1)>div:nth-of-type(1)>div:nth-of-type(1)>div:nth-of-type(2)>div:nth-of-type(2)>div:nth-of-type(1)>div:nth-of-type(1),Prezzo fisso a 2.990 €,raw/published/html/695e1eeeb10c5fb8eeaba87c.html,
extracted,price,/,it,dom:body:nth-of-type(1)>section:nth-of-type(3)>div:nth-of-type(2)>div:nth-of-type(1)>div:nth-of-type(1)>div:nth-of-type(1)>div:nth-of-type(2)>div:nth-of-type(2)>div:nth-of-type(2)>div:nth-of-type(1)>div:nth-of-type(1),Prezzo fisso a 4.990 €,raw/published/html/695e1eeeb10c5fb8eeaba87c.html,
extracted,price,/,it,dom:body:nth-of-type(1)>section:nth-of-type(3)>div:nth-of-type(2)>div:nth-of-type(1)>div:nth-of-type(1)>div:nth-of-type(1)>div:nth-of-type(3)>div:nth-of-type(2)>div:nth-of-type(2)>div:nth-of-type(1)>div:nth-of-type(1)>strong:nth-of-type(1),Prezzo fisso a 250 €,raw/published/html/695e1eeeb10c5fb8eeaba87c.html,
extracted,price,/,it,dom:body:nth-of-type(1)>section:nth-of-type(3)>div:nth-of-type(2)>div:nth-of-type(1)>div:nth-of-type(1)>div:nth-of-type(1)>div:nth-of-type(4)>div:nth-of-type(2)>div:nth-of-type(2)>div:nth-of-type(1)>div:nth-of-type(1),A partire da 220 €,raw/published/html/695e1eeeb10c5fb8eeaba87c.html,
extracted,distance,/,it,dom:body:nth-of-type(1)>section:nth-of-type(5)>div:nth-of-type(2)>div:nth-of-type(1)>div:nth-of-type(1)>div:nth-of-type(1)>div:nth-of-type(3)>div:nth-of-type(2)>div:nth-of-type(1)>div:nth-of-type(1)>p:nth-of-type(1),"Siamo a Rijeka (Fiume), in Croazia, a soli 60 km da Trieste. Trasferimento gratuito.",raw/published/html/695e1eeeb10c5fb8eeaba87c.html,
extracted,contact,/,it,wf:4e75e80f-18e3-7eb0-519d-3b33dc5a3c65,"Per maggiori informazioni, inviaci un messaggio o contattaci al numero verde: 800 174 206 ",raw/published/html/695e1eeeb10c5fb8eeaba87c.html,
extracted,price,/,it,dom:body:nth-of-type(1)>section:nth-of-type(8)>div:nth-of-type(2)>div:nth-of-type(1)>div:nth-of-type(1)>div:nth-of-type(1)>div:nth-of-type(1)>div:nth-of-type(1)>div:nth-of-type(1)>div:nth-of-type(1)>div:nth-of-type(3)>nav:nth-of-type(1)>p:nth-of-type(1)>strong:nth-of-type(1),da 249 €,raw/published/html/695e1eeeb10c5fb8eeaba87c.html,
extracted,price,/,it,dom:body:nth-of-type(1)>section:nth-of-type(8)>div:nth-of-type(2)>div:nth-of-type(1)>div:nth-of-type(1)>div:nth-of-type(1)>div:nth-of-type(1)>div:nth-of-type(1)>div:nth-of-type(1)>div:nth-of-type(1)>div:nth-of-type(4)>nav:nth-of-type(1)>p:nth-of-type(1)>strong:nth-of-type(1),220 €.,raw/published/html/695e1eeeb10c5fb8eeaba87c.html,
extracted,price,/,it,dom:body:nth-of-type(1)>section:nth-of-type(8)>div:nth-of-type(2)>div:nth-of-type(1)>div:nth-of-type(1)>div:nth-of-type(1)>div:nth-of-type(1)>div:nth-of-type(1)>div:nth-of-type(1)>div:nth-of-type(1)>div:nth-of-type(6)>nav:nth-of-type(1)>p:nth-of-type(1),"In Croazia si utilizza l’euro. È possibile pagare in contanti (fino a 10.000 euro), con bonifico bancario o con carta di credito. Il contante può essere prelevato facilmente dagli sportelli automatici (ATM).",raw/published/html/695e1eeeb10c5fb8eeaba87c.html,
extracted,contact,/,it,dom:body:nth-of-type(1)>footer:nth-of-type(1)>section:nth-of-type(1)>div:nth-of-type(1)>div:nth-of-type(1)>div:nth-of-type(1)>div:nth-of-type(8)>address:nth-of-type(1)>a:nth-of-type(1),Numero verde: 800 174 206,raw/published/html/695e1eeeb10c5fb8eeaba87c.html,
extracted,contact,/,it,dom:body:nth-of-type(1)>div:nth-of-type(3)>div:nth-of-type(1)>a:nth-of-type(1)>div:nth-of-type(1)>div:nth-of-type(1),Avvia chat su WhatsApp,raw/published/html/695e1eeeb10c5fb8eeaba87c.html,
extracted,price,/,it,wf:7513ce3d-bbc6-d394-0a6f-1c43fb6f7e9a,"Prezzo fisso a 4.990€, nessun limite di impianti",raw/published/html/695e1eeeb10c5fb8eeaba87c.html,
extracted,contact-or-sedation-link,/,it,dom:body:nth-of-type(1)>div:nth-of-type(1)>div:nth-of-type(1)>div:nth-of-type(1)>nav:nth-of-type(1)>div:nth-of-type(2)>div:nth-of-type(1)>nav:nth-of-type(1)>div:nth-of-type(1)>div:nth-of-type(1)>a:nth-of-type(5), Sedazione cosciente,raw/published/html/695e1eeeb10c5fb8eeaba87c.html,/prestazioni/sedazione-cosciente
extracted,contact-or-sedation-link,/,it,dom:body:nth-of-type(1)>section:nth-of-type(7)>div:nth-of-type(2)>div:nth-of-type(7)>div:nth-of-type(1)>a:nth-of-type(1),Sedazione cosciente,raw/published/html/695e1eeeb10c5fb8eeaba87c.html,/prestazioni/sedazione-cosciente
extracted,contact-or-sedation-link,/,it,dom:body:nth-of-type(1)>footer:nth-of-type(1)>section:nth-of-type(1)>div:nth-of-type(1)>div:nth-of-type(1)>div:nth-of-type(1)>div:nth-of-type(2)>a:nth-of-type(8),Sedazione cosciente,raw/published/html/695e1eeeb10c5fb8eeaba87c.html,/prestazioni/sedazione-cosciente
extracted,contact-or-sedation-link,/,it,dom:body:nth-of-type(1)>footer:nth-of-type(1)>section:nth-of-type(1)>div:nth-of-type(1)>div:nth-of-type(1)>div:nth-of-type(1)>div:nth-of-type(8)>address:nth-of-type(1)>a:nth-of-type(1),Numero verde: 800 174 206,raw/published/html/695e1eeeb10c5fb8eeaba87c.html,tel:800174206
extracted,contact-or-sedation-link,/,it,dom:body:nth-of-type(1)>footer:nth-of-type(1)>section:nth-of-type(1)>div:nth-of-type(1)>div:nth-of-type(1)>div:nth-of-type(1)>div:nth-of-type(8)>address:nth-of-type(1)>a:nth-of-type(2),Tel. +385 51 688 380,raw/published/html/695e1eeeb10c5fb8eeaba87c.html,tel:+38551688380
extracted,contact-or-sedation-link,/,it,dom:body:nth-of-type(1)>footer:nth-of-type(1)>section:nth-of-type(1)>div:nth-of-type(1)>div:nth-of-type(1)>div:nth-of-type(1)>div:nth-of-type(8)>address:nth-of-type(1)>a:nth-of-type(3),it@dentvitalis.com,raw/published/html/695e1eeeb10c5fb8eeaba87c.html,mailto:it@dentvitalis.com
extracted,contact-or-sedation-link,/,it,dom:body:nth-of-type(1)>div:nth-of-type(3)>div:nth-of-type(1)>a:nth-of-type(1),Avvia chat su WhatsApp,raw/published/html/695e1eeeb10c5fb8eeaba87c.html,https://api.whatsapp.com/send?phone=+ADDNUMBERHERE
