"id","vrsta","stari_url_ili_obrazac","ciljni_url_ili_obrazac","http_status_u_kodu","nacin_podudaranja","redak_release_htaccess","cilj_postoji_u_novoj_statickoj_mapi","napomena","runtime_produkcije_novog_paketa_provjeren"
"1","HOST_NORMALIZACIJA","http://dentvitalis.com/{putanja}","https://www.dentvitalis.com/{ista_putanja}","308","sve putanje; uvjeti hosta/HTTPS","16","ne","Putanja/query ostaju; moguci dodatni redirect.","ne"
"2","HOST_NORMALIZACIJA","http://www.dentvitalis.com/{putanja}","https://www.dentvitalis.com/{ista_putanja}","308","sve putanje; uvjeti hosta/HTTPS","16","ne","Putanja/query ostaju; moguci dodatni redirect.","ne"
"3","HOST_NORMALIZACIJA","https://dentvitalis.com/{putanja}","https://www.dentvitalis.com/{ista_putanja}","308","sve putanje; uvjeti hosta/HTTPS","16","ne","Putanja/query ostaju; moguci dodatni redirect.","ne"
"4","NASLIJEDENI_REDIRECT","https://www.dentvitalis.com/sl","https://www.dentvitalis.com/si","301","Apache Redirect prefiks; nastavak putanje se prenosi","183","da","Naslijedjeno pravilo. Staticki cilj postoji.","ne"
"5","NASLIJEDENI_REDIRECT","https://www.dentvitalis.com/sl/","https://www.dentvitalis.com/si","301","Apache Redirect prefiks; nastavak putanje se prenosi","184","da","Naslijedjeno pravilo. Staticki cilj postoji.","ne"
"6","NASLIJEDENI_REDIRECT","https://www.dentvitalis.com/osoblje_hr.htm","https://www.dentvitalis.com/en","301","Apache Redirect prefiks; nastavak putanje se prenosi","185","da","Naslijedjeno pravilo. Staticki cilj postoji.","ne"
"7","NASLIJEDENI_REDIRECT","https://www.dentvitalis.com/faq_hr.htm","https://www.dentvitalis.com/hr/faq","301","Apache Redirect prefiks; nastavak putanje se prenosi","186","da","Naslijedjeno pravilo. Staticki cilj postoji.","ne"
"8","NASLIJEDENI_REDIRECT","https://www.dentvitalis.com/VR/3/03.ivp","https://www.dentvitalis.com/","301","Apache Redirect prefiks; nastavak putanje se prenosi","187","da","Naslijedjeno pravilo. Staticki cilj postoji.","ne"
"9","NASLIJEDENI_REDIRECT","https://www.dentvitalis.com/osoblje_ita.htm","https://www.dentvitalis.com/chi-siamo","301","Apache Redirect prefiks; nastavak putanje se prenosi","188","da","Naslijedjeno pravilo. Staticki cilj postoji.","ne"
"10","NASLIJEDENI_REDIRECT","https://www.dentvitalis.com/implantologija_hr.htm","https://www.dentvitalis.com/hr","301","Apache Redirect prefiks; nastavak putanje se prenosi","189","da","Naslijedjeno pravilo. Staticki cilj postoji.","ne"
"11","NASLIJEDENI_REDIRECT","https://www.dentvitalis.com/home_hr.htm","https://www.dentvitalis.com/hr","301","Apache Redirect prefiks; nastavak putanje se prenosi","190","da","Naslijedjeno pravilo. Staticki cilj postoji.","ne"
"12","ODOBRENI_STARI_ALIAS","https://www.dentvitalis.com/osoblje_eng.htm","https://www.dentvitalis.com/en/about","301","Apache Redirect prefiks; nastavak putanje se prenosi","191","da","Odobren izravni novi cilj. Staticki cilj postoji.","ne"
"13","NASLIJEDENI_REDIRECT","https://www.dentvitalis.com/tehnologija_ita.htm","https://www.dentvitalis.com/","301","Apache Redirect prefiks; nastavak putanje se prenosi","192","da","Naslijedjeno pravilo. Staticki cilj postoji.","ne"
"14","NASLIJEDENI_REDIRECT","https://www.dentvitalis.com/unterkunft","https://www.dentvitalis.com/de","301","Apache Redirect prefiks; nastavak putanje se prenosi","193","da","Naslijedjeno pravilo. Staticki cilj postoji.","ne"
"15","NASLIJEDENI_REDIRECT","https://www.dentvitalis.com/testimonials","https://www.dentvitalis.com/testimonianze","301","Apache Redirect prefiks; nastavak putanje se prenosi","194","da","Naslijedjeno pravilo. Staticki cilj postoji.","ne"
"16","ODOBRENI_STARI_ALIAS","https://www.dentvitalis.com/accommodation","https://www.dentvitalis.com/informazioni/alloggio","301","Apache Redirect prefiks; nastavak putanje se prenosi","195","da","Odobren izravni novi cilj. Staticki cilj postoji.","ne"
"17","NASLIJEDENI_REDIRECT","https://www.dentvitalis.com/kako_do_nas_ita.htm","https://www.dentvitalis.com/contatti","301","Apache Redirect prefiks; nastavak putanje se prenosi","196","da","Naslijedjeno pravilo. Staticki cilj postoji.","ne"
"18","NASLIJEDENI_REDIRECT","https://www.dentvitalis.com/home_ita.htm","https://www.dentvitalis.com/","301","Apache Redirect prefiks; nastavak putanje se prenosi","197","da","Naslijedjeno pravilo. Staticki cilj postoji. Identicno pravilo ponovljeno.","ne"
"19","NASLIJEDENI_REDIRECT","https://www.dentvitalis.com/implantologija_ita.htm","https://www.dentvitalis.com/","301","Apache Redirect prefiks; nastavak putanje se prenosi","198","da","Naslijedjeno pravilo. Staticki cilj postoji.","ne"
"20","NASLIJEDENI_REDIRECT","https://www.dentvitalis.com/implantologija_eng.htm","https://www.dentvitalis.com/en","301","Apache Redirect prefiks; nastavak putanje se prenosi","199","da","Naslijedjeno pravilo. Staticki cilj postoji.","ne"
"21","NASLIJEDENI_REDIRECT","https://www.dentvitalis.com/kontakt_hr.htm","https://www.dentvitalis.com/hr/kontakt","301","Apache Redirect prefiks; nastavak putanje se prenosi","200","da","Naslijedjeno pravilo. Staticki cilj postoji.","ne"
"22","NASLIJEDENI_REDIRECT","https://www.dentvitalis.com/kontakt_ita.htm","https://www.dentvitalis.com/contatti","301","Apache Redirect prefiks; nastavak putanje se prenosi","201","da","Naslijedjeno pravilo. Staticki cilj postoji.","ne"
"23","NASLIJEDENI_REDIRECT","https://www.dentvitalis.com/protetika_hr.htm","https://www.dentvitalis.com/hr","301","Apache Redirect prefiks; nastavak putanje se prenosi","202","da","Naslijedjeno pravilo. Staticki cilj postoji.","ne"
"24","NASLIJEDENI_REDIRECT","https://www.dentvitalis.com/kako_do_nas_eng.htm","https://www.dentvitalis.com/en/contact","301","Apache Redirect prefiks; nastavak putanje se prenosi","203","da","Naslijedjeno pravilo. Staticki cilj postoji.","ne"
"25","NASLIJEDENI_REDIRECT","https://www.dentvitalis.com/kako_do_nas_hr.htm","https://www.dentvitalis.com/hr/kontakt","301","Apache Redirect prefiks; nastavak putanje se prenosi","204","da","Naslijedjeno pravilo. Staticki cilj postoji.","ne"
"26","NASLIJEDENI_REDIRECT","https://www.dentvitalis.com/karta.swf","https://www.dentvitalis.com/","301","Apache Redirect prefiks; nastavak putanje se prenosi","205","da","Naslijedjeno pravilo. Staticki cilj postoji. Identicno pravilo ponovljeno.","ne"
"27","NASLIJEDENI_REDIRECT","https://www.dentvitalis.com/home_ita.htm","https://www.dentvitalis.com/","301","Apache Redirect prefiks; nastavak putanje se prenosi","206","da","Naslijedjeno pravilo. Staticki cilj postoji. Identicno pravilo ponovljeno.","ne"
"28","NASLIJEDENI_REDIRECT","https://www.dentvitalis.com/hr/onama","https://www.dentvitalis.com/hr/o-nama","301","Apache Redirect prefiks; nastavak putanje se prenosi","207","da","Naslijedjeno pravilo. Staticki cilj postoji. Identicno pravilo ponovljeno.","ne"
"29","ODOBRENI_STARI_ALIAS","https://www.dentvitalis.com/hr/iskustva-pacijenata-edita-karadjole","https://www.dentvitalis.com/hr/iskustva-pacijenata","301","Apache Redirect prefiks; nastavak putanje se prenosi","208","da","Odobren izravni novi cilj. Staticki cilj postoji.","ne"
"30","NASLIJEDENI_REDIRECT","https://www.dentvitalis.com/hr/dezinfekcija-i-sterilizacija","https://www.dentvitalis.com/hr/desinfekcija","301","Apache Redirect prefiks; nastavak putanje se prenosi","209","ne","Naslijedjeno pravilo. Sacuvana PHP stranica; produkcijski prihvat novog routinga jos nije obavljen.","ne"
"31","NASLIJEDENI_REDIRECT","https://www.dentvitalis.com/fotogalerija_hr.htm","https://www.dentvitalis.com/hr","301","Apache Redirect prefiks; nastavak putanje se prenosi","210","da","Naslijedjeno pravilo. Staticki cilj postoji.","ne"
"32","NASLIJEDENI_REDIRECT","https://www.dentvitalis.com/fotogalerija_eng.htm","https://www.dentvitalis.com/en","301","Apache Redirect prefiks; nastavak putanje se prenosi","211","da","Naslijedjeno pravilo. Staticki cilj postoji.","ne"
"33","NASLIJEDENI_REDIRECT","https://www.dentvitalis.com/protetika_eng.htm","https://www.dentvitalis.com/en","301","Apache Redirect prefiks; nastavak putanje se prenosi","212","da","Naslijedjeno pravilo. Staticki cilj postoji.","ne"
"34","NASLIJEDENI_REDIRECT","https://www.dentvitalis.com/VR/5/PurePlayer.swf","https://www.dentvitalis.com/en","301","Apache Redirect prefiks; nastavak putanje se prenosi","213","da","Naslijedjeno pravilo. Staticki cilj postoji.","ne"
"35","ODOBRENI_STARI_ALIAS","https://www.dentvitalis.com/hr/iskustva-pacijenata-zoran-roje","https://www.dentvitalis.com/hr/iskustva-pacijenata","301","Apache Redirect prefiks; nastavak putanje se prenosi","214","da","Odobren izravni novi cilj. Staticki cilj postoji.","ne"
"36","NASLIJEDENI_REDIRECT","https://www.dentvitalis.com/hr/najcesca-pitanja","https://www.dentvitalis.com/hr/faq","301","Apache Redirect prefiks; nastavak putanje se prenosi","215","da","Naslijedjeno pravilo. Staticki cilj postoji. Identicno pravilo ponovljeno.","ne"
"37","NASLIJEDENI_REDIRECT","https://www.dentvitalis.com/hr/nacin-placanja","https://www.dentvitalis.com/hr/placanje","301","Apache Redirect prefiks; nastavak putanje se prenosi","216","da","Naslijedjeno pravilo. Staticki cilj postoji.","ne"
"38","ODOBRENI_STARI_ALIAS","https://www.dentvitalis.com/hr/tehnologija","https://www.dentvitalis.com/hr/materijali-i-oprema","301","Apache Redirect prefiks; nastavak putanje se prenosi","217","da","Odobren izravni novi cilj. Staticki cilj postoji.","ne"
"39","NASLIJEDENI_REDIRECT","https://www.dentvitalis.com/hr/klinicko-produzenje-krune-prirodnoga-zuba","https://www.dentvitalis.com/hr/klinicko-produzenje-krune-prirodnog-zuba","301","Apache Redirect prefiks; nastavak putanje se prenosi","218","ne","Naslijedjeno pravilo. Sacuvana PHP stranica; produkcijski prihvat novog routinga jos nije obavljen. Identicno pravilo ponovljeno.","ne"
"40","NASLIJEDENI_REDIRECT","https://www.dentvitalis.com/vr_predsoblje_tour_eng.htm","https://www.dentvitalis.com/en","301","Apache Redirect prefiks; nastavak putanje se prenosi","219","da","Naslijedjeno pravilo. Staticki cilj postoji.","ne"
"41","ODOBRENI_STARI_ALIAS","https://www.dentvitalis.com/hr/kreamicki-most-na-prirodnim-zubima","https://www.dentvitalis.com/hr/krunice-ljuskice-mostovi-i-proteze","301","Apache Redirect prefiks; nastavak putanje se prenosi","220","da","Odobren izravni novi cilj. Staticki cilj postoji. Identicno pravilo ponovljeno.","ne"
"42","NASLIJEDENI_REDIRECT","https://www.dentvitalis.com/hr/kreamicki-most-na-implantatima-svi-zubi","https://www.dentvitalis.com/hr/keramicki-most-na-svim-implantatima","301","Apache Redirect prefiks; nastavak putanje se prenosi","221","ne","Naslijedjeno pravilo. Sacuvana PHP stranica; produkcijski prihvat novog routinga jos nije obavljen. Identicno pravilo ponovljeno.","ne"
"43","NASLIJEDENI_REDIRECT","https://www.dentvitalis.com/vr_tour_hr.htm","https://www.dentvitalis.com/hr","301","Apache Redirect prefiks; nastavak putanje se prenosi","222","da","Naslijedjeno pravilo. Staticki cilj postoji.","ne"
"44","NASLIJEDENI_REDIRECT","https://www.dentvitalis.com/VR/1/PurePlayer.swf","https://www.dentvitalis.com/","301","Apache Redirect prefiks; nastavak putanje se prenosi","223","da","Naslijedjeno pravilo. Staticki cilj postoji.","ne"
"45","NASLIJEDENI_REDIRECT","https://www.dentvitalis.com/protetika_ita.htm","https://www.dentvitalis.com/","301","Apache Redirect prefiks; nastavak putanje se prenosi","224","da","Naslijedjeno pravilo. Staticki cilj postoji.","ne"
"46","NASLIJEDENI_REDIRECT","https://www.dentvitalis.com/VR/8/PurePlayer.swf","https://www.dentvitalis.com/","301","Apache Redirect prefiks; nastavak putanje se prenosi","225","da","Naslijedjeno pravilo. Staticki cilj postoji.","ne"
"47","NASLIJEDENI_REDIRECT","https://www.dentvitalis.com/fotogalerija_ita.htm","https://www.dentvitalis.com/","301","Apache Redirect prefiks; nastavak putanje se prenosi","226","da","Naslijedjeno pravilo. Staticki cilj postoji.","ne"
"48","NASLIJEDENI_REDIRECT","https://www.dentvitalis.com/navigacija.swf","https://www.dentvitalis.com/","301","Apache Redirect prefiks; nastavak putanje se prenosi","227","da","Naslijedjeno pravilo. Staticki cilj postoji.","ne"
"49","ODOBRENI_STARI_ALIAS","https://www.dentvitalis.com/hr/kreamicki-most-na-prirodnim-zubima","https://www.dentvitalis.com/hr/krunice-ljuskice-mostovi-i-proteze","301","Apache Redirect prefiks; nastavak putanje se prenosi","228","da","Odobren izravni novi cilj. Staticki cilj postoji. Identicno pravilo ponovljeno.","ne"
"50","NASLIJEDENI_REDIRECT","https://www.dentvitalis.com/hr/kreamicki-most-na-implantatima-svi-zubi","https://www.dentvitalis.com/hr/keramicki-most-na-svim-implantatima","301","Apache Redirect prefiks; nastavak putanje se prenosi","229","ne","Naslijedjeno pravilo. Sacuvana PHP stranica; produkcijski prihvat novog routinga jos nije obavljen. Identicno pravilo ponovljeno.","ne"
"51","NASLIJEDENI_REDIRECT","https://www.dentvitalis.com/VR/4/PurePlayer.swf","https://www.dentvitalis.com/","301","Apache Redirect prefiks; nastavak putanje se prenosi","230","da","Naslijedjeno pravilo. Staticki cilj postoji.","ne"
"52","NASLIJEDENI_REDIRECT","https://www.dentvitalis.com/hr/najcesca-pitanja","https://www.dentvitalis.com/hr/faq","301","Apache Redirect prefiks; nastavak putanje se prenosi","231","da","Naslijedjeno pravilo. Staticki cilj postoji. Identicno pravilo ponovljeno.","ne"
"53","NASLIJEDENI_REDIRECT","https://www.dentvitalis.com/hr/onama","https://www.dentvitalis.com/hr/o-nama","301","Apache Redirect prefiks; nastavak putanje se prenosi","232","da","Naslijedjeno pravilo. Staticki cilj postoji. Identicno pravilo ponovljeno.","ne"
"54","NASLIJEDENI_REDIRECT","https://www.dentvitalis.com/hr/prijava","https://www.dentvitalis.com/hr/o-nama","301","Apache Redirect prefiks; nastavak putanje se prenosi","233","da","Naslijedjeno pravilo. Staticki cilj postoji.","ne"
"55","NASLIJEDENI_REDIRECT","https://www.dentvitalis.com/vr_tour_eng.htm","https://www.dentvitalis.com/en","301","Apache Redirect prefiks; nastavak putanje se prenosi","234","da","Naslijedjeno pravilo. Staticki cilj postoji.","ne"
"56","NASLIJEDENI_REDIRECT","https://www.dentvitalis.com/kontakt_eng.htm","https://www.dentvitalis.com/en/contact","301","Apache Redirect prefiks; nastavak putanje se prenosi","235","da","Naslijedjeno pravilo. Staticki cilj postoji.","ne"
"57","NASLIJEDENI_REDIRECT","https://www.dentvitalis.com/hr/klinicko-produzenje-krune-prirodnoga-zuba","https://www.dentvitalis.com/hr/klinicko-produzenje-krune-prirodnog-zuba","301","Apache Redirect prefiks; nastavak putanje se prenosi","236","ne","Naslijedjeno pravilo. Sacuvana PHP stranica; produkcijski prihvat novog routinga jos nije obavljen. Identicno pravilo ponovljeno.","ne"
"58","NASLIJEDENI_REDIRECT","https://www.dentvitalis.com/faq_eng.htm","https://www.dentvitalis.com/en/faq","301","Apache Redirect prefiks; nastavak putanje se prenosi","237","da","Naslijedjeno pravilo. Staticki cilj postoji.","ne"
"59","NASLIJEDENI_REDIRECT","https://www.dentvitalis.com/karta.swf","https://www.dentvitalis.com/","301","Apache Redirect prefiks; nastavak putanje se prenosi","238","da","Naslijedjeno pravilo. Staticki cilj postoji. Identicno pravilo ponovljeno.","ne"
"60","ODOBRENI_STARI_ALIAS","https://www.dentvitalis.com/tehnologija_hr.htm","https://www.dentvitalis.com/hr/materijali-i-oprema","301","Apache Redirect prefiks; nastavak putanje se prenosi","239","da","Odobren izravni novi cilj. Staticki cilj postoji.","ne"
"61","NASLIJEDENI_REDIRECT","https://www.dentvitalis.com/Privacy.html","https://www.dentvitalis.com/informativa-sulla-privacy","301","Apache Redirect prefiks; nastavak putanje se prenosi","240","da","Naslijedjeno pravilo. Staticki cilj postoji.","ne"
"62","NASLIJEDENI_REDIRECT","https://www.dentvitalis.com/vr_ured_tour_eng.htm","https://www.dentvitalis.com/en","301","Apache Redirect prefiks; nastavak putanje se prenosi","241","da","Naslijedjeno pravilo. Staticki cilj postoji.","ne"
"63","NASLIJEDENI_REDIRECT","https://www.dentvitalis.com/vr_predsoblje_tour_ita.htm","https://www.dentvitalis.com/","301","Apache Redirect prefiks; nastavak putanje se prenosi","242","da","Naslijedjeno pravilo. Staticki cilj postoji.","ne"
"64","NASLIJEDENI_REDIRECT","https://www.dentvitalis.com/si.","https://www.dentvitalis.com/si","301","Apache Redirect prefiks; nastavak putanje se prenosi","243","da","Naslijedjeno pravilo. Staticki cilj postoji.","ne"
"65","NASLIJEDENI_REDIRECT","https://www.dentvitalis.com/hr.","https://www.dentvitalis.com/hr","301","Apache Redirect prefiks; nastavak putanje se prenosi","244","da","Naslijedjeno pravilo. Staticki cilj postoji.","ne"
"66","NASLIJEDENI_REDIRECT","https://www.dentvitalis.com/home_eng.htm","https://www.dentvitalis.com/en","301","Apache Redirect prefiks; nastavak putanje se prenosi","245","da","Naslijedjeno pravilo. Staticki cilj postoji.","ne"
"67","NASLIJEDENI_REDIRECT","https://www.dentvitalis.com/hr/kreamicki-most-na-implantatima","https://www.dentvitalis.com/hr/keramicki-most-na-svim-implantatima","301","Apache Redirect prefiks; nastavak putanje se prenosi","246","ne","Naslijedjeno pravilo. Sacuvana PHP stranica; produkcijski prihvat novog routinga jos nije obavljen.","ne"
"68","ODOBRENI_NOVI_CILJ","https://www.dentvitalis.com/en/about-us","https://www.dentvitalis.com/en/about","301","tocna stara putanja; opcionalni slash","31","da","Odobreno 4.10.; query ostaje. Produkcija nije promijenjena.","ne"
"69","ODOBRENI_NOVI_CILJ","https://www.dentvitalis.com/alloggio","https://www.dentvitalis.com/informazioni/alloggio","301","tocna stara putanja; opcionalni slash","32","da","Odobreno 4.10.; query ostaje. Produkcija nije promijenjena.","ne"
"70","ODOBRENI_NOVI_CILJ","https://www.dentvitalis.com/hr/technologija","https://www.dentvitalis.com/hr/materijali-i-oprema","301","tocna stara putanja; opcionalni slash","33","da","Odobreno 4.10.; query ostaje. Produkcija nije promijenjena.","ne"
"71","ODOBRENI_NOVI_CILJ","https://www.dentvitalis.com/hr/keramicki-most-na-prirodnim-zubima","https://www.dentvitalis.com/hr/krunice-ljuskice-mostovi-i-proteze","301","tocna stara putanja; opcionalni slash","34","da","Odobreno 4.10.; query ostaje. Produkcija nije promijenjena.","ne"
"72","ODOBRENI_NOVI_CILJ","https://www.dentvitalis.com/hr/testimonials-edita-karadole-glumica","https://www.dentvitalis.com/hr/iskustva-pacijenata","301","tocna stara putanja; opcionalni slash","35","da","Odobreno 4.10.; query ostaje. Produkcija nije promijenjena.","ne"
"73","ODOBRENI_NOVI_CILJ","https://www.dentvitalis.com/hr/testimonials-zoran-roje-sportski-direktor","https://www.dentvitalis.com/hr/iskustva-pacijenata","301","tocna stara putanja; opcionalni slash","36","da","Odobreno 4.10.; query ostaje. Produkcija nije promijenjena.","ne"
"74","ZAVRSNI_SLASH","https://www.dentvitalis.com/chi-siamo/","https://www.dentvitalis.com/chi-siamo","308","tocna poznata putanja sa slashom","38","da","Query ostaje; korijen / i PHP endpointi izuzeti.","ne"
"75","ZAVRSNI_SLASH","https://www.dentvitalis.com/condizioni-di-utilizzo/","https://www.dentvitalis.com/condizioni-di-utilizzo","308","tocna poznata putanja sa slashom","38","da","Query ostaje; korijen / i PHP endpointi izuzeti.","ne"
"76","ZAVRSNI_SLASH","https://www.dentvitalis.com/contatti/","https://www.dentvitalis.com/contatti","308","tocna poznata putanja sa slashom","38","da","Query ostaje; korijen / i PHP endpointi izuzeti.","ne"
"77","ZAVRSNI_SLASH","https://www.dentvitalis.com/de/about/","https://www.dentvitalis.com/de/about","308","tocna poznata putanja sa slashom","38","da","Query ostaje; korijen / i PHP endpointi izuzeti.","ne"
"78","ZAVRSNI_SLASH","https://www.dentvitalis.com/de/accommodation/","https://www.dentvitalis.com/de/accommodation","308","tocna poznata putanja sa slashom","38","da","Query ostaje; korijen / i PHP endpointi izuzeti.","ne"
"79","ZAVRSNI_SLASH","https://www.dentvitalis.com/de/all-in-one/","https://www.dentvitalis.com/de/all-in-one","308","tocna poznata putanja sa slashom","38","da","Query ostaje; korijen / i PHP endpointi izuzeti.","ne"
"80","ZAVRSNI_SLASH","https://www.dentvitalis.com/de/contact/","https://www.dentvitalis.com/de/contact","308","tocna poznata putanja sa slashom","38","da","Query ostaje; korijen / i PHP endpointi izuzeti.","ne"
"81","ZAVRSNI_SLASH","https://www.dentvitalis.com/de/crowns-veneers-bridges/","https://www.dentvitalis.com/de/crowns-veneers-bridges","308","tocna poznata putanja sa slashom","38","da","Query ostaje; korijen / i PHP endpointi izuzeti.","ne"
"82","ZAVRSNI_SLASH","https://www.dentvitalis.com/de/dank/","https://www.dentvitalis.com/de/dank","308","tocna poznata putanja sa slashom","38","da","Query ostaje; korijen / i PHP endpointi izuzeti.","ne"
"83","ZAVRSNI_SLASH","https://www.dentvitalis.com/de/datenschutzerklarung/","https://www.dentvitalis.com/de/datenschutzerklarung","308","tocna poznata putanja sa slashom","38","da","Query ostaje; korijen / i PHP endpointi izuzeti.","ne"
"84","ZAVRSNI_SLASH","https://www.dentvitalis.com/de/directions/","https://www.dentvitalis.com/de/directions","308","tocna poznata putanja sa slashom","38","da","Query ostaje; korijen / i PHP endpointi izuzeti.","ne"
"85","ZAVRSNI_SLASH","https://www.dentvitalis.com/de/faq/","https://www.dentvitalis.com/de/faq","308","tocna poznata putanja sa slashom","38","da","Query ostaje; korijen / i PHP endpointi izuzeti.","ne"
"86","ZAVRSNI_SLASH","https://www.dentvitalis.com/de/first-visit/","https://www.dentvitalis.com/de/first-visit","308","tocna poznata putanja sa slashom","38","da","Query ostaje; korijen / i PHP endpointi izuzeti.","ne"
"87","ZAVRSNI_SLASH","https://www.dentvitalis.com/de/fixed-implant-bridge/","https://www.dentvitalis.com/de/fixed-implant-bridge","308","tocna poznata putanja sa slashom","38","da","Query ostaje; korijen / i PHP endpointi izuzeti.","ne"
"88","ZAVRSNI_SLASH","https://www.dentvitalis.com/de/four-implant-denture/","https://www.dentvitalis.com/de/four-implant-denture","308","tocna poznata putanja sa slashom","38","da","Query ostaje; korijen / i PHP endpointi izuzeti.","ne"
"89","ZAVRSNI_SLASH","https://www.dentvitalis.com/de/gallery/","https://www.dentvitalis.com/de/gallery","308","tocna poznata putanja sa slashom","38","da","Query ostaje; korijen / i PHP endpointi izuzeti.","ne"
"90","ZAVRSNI_SLASH","https://www.dentvitalis.com/de/guarantees/","https://www.dentvitalis.com/de/guarantees","308","tocna poznata putanja sa slashom","38","da","Query ostaje; korijen / i PHP endpointi izuzeti.","ne"
"91","ZAVRSNI_SLASH","https://www.dentvitalis.com/de/","https://www.dentvitalis.com/de","308","tocna poznata putanja sa slashom","38","da","Query ostaje; korijen / i PHP endpointi izuzeti.","ne"
"92","ZAVRSNI_SLASH","https://www.dentvitalis.com/de/information/","https://www.dentvitalis.com/de/information","308","tocna poznata putanja sa slashom","38","da","Query ostaje; korijen / i PHP endpointi izuzeti.","ne"
"93","ZAVRSNI_SLASH","https://www.dentvitalis.com/de/laboratory/","https://www.dentvitalis.com/de/laboratory","308","tocna poznata putanja sa slashom","38","da","Query ostaje; korijen / i PHP endpointi izuzeti.","ne"
"94","ZAVRSNI_SLASH","https://www.dentvitalis.com/de/materials/","https://www.dentvitalis.com/de/materials","308","tocna poznata putanja sa slashom","38","da","Query ostaje; korijen / i PHP endpointi izuzeti.","ne"
"95","ZAVRSNI_SLASH","https://www.dentvitalis.com/de/new-implants/","https://www.dentvitalis.com/de/new-implants","308","tocna poznata putanja sa slashom","38","da","Query ostaje; korijen / i PHP endpointi izuzeti.","ne"
"96","ZAVRSNI_SLASH","https://www.dentvitalis.com/de/nutzungsbedingungen/","https://www.dentvitalis.com/de/nutzungsbedingungen","308","tocna poznata putanja sa slashom","38","da","Query ostaje; korijen / i PHP endpointi izuzeti.","ne"
"97","ZAVRSNI_SLASH","https://www.dentvitalis.com/de/payment/","https://www.dentvitalis.com/de/payment","308","tocna poznata putanja sa slashom","38","da","Query ostaje; korijen / i PHP endpointi izuzeti.","ne"
"98","ZAVRSNI_SLASH","https://www.dentvitalis.com/de/prices/","https://www.dentvitalis.com/de/prices","308","tocna poznata putanja sa slashom","38","da","Query ostaje; korijen / i PHP endpointi izuzeti.","ne"
"99","ZAVRSNI_SLASH","https://www.dentvitalis.com/de/sedation/","https://www.dentvitalis.com/de/sedation","308","tocna poznata putanja sa slashom","38","da","Query ostaje; korijen / i PHP endpointi izuzeti.","ne"
"100","ZAVRSNI_SLASH","https://www.dentvitalis.com/de/services/","https://www.dentvitalis.com/de/services","308","tocna poznata putanja sa slashom","38","da","Query ostaje; korijen / i PHP endpointi izuzeti.","ne"
"101","ZAVRSNI_SLASH","https://www.dentvitalis.com/de/specialists/","https://www.dentvitalis.com/de/specialists","308","tocna poznata putanja sa slashom","38","da","Query ostaje; korijen / i PHP endpointi izuzeti.","ne"
"102","ZAVRSNI_SLASH","https://www.dentvitalis.com/de/testimonials/","https://www.dentvitalis.com/de/testimonials","308","tocna poznata putanja sa slashom","38","da","Query ostaje; korijen / i PHP endpointi izuzeti.","ne"
"103","ZAVRSNI_SLASH","https://www.dentvitalis.com/de/treatment-duration/","https://www.dentvitalis.com/de/treatment-duration","308","tocna poznata putanja sa slashom","38","da","Query ostaje; korijen / i PHP endpointi izuzeti.","ne"
"104","ZAVRSNI_SLASH","https://www.dentvitalis.com/de/whitening/","https://www.dentvitalis.com/de/whitening","308","tocna poznata putanja sa slashom","38","da","Query ostaje; korijen / i PHP endpointi izuzeti.","ne"
"105","ZAVRSNI_SLASH","https://www.dentvitalis.com/domande-e-risposte/","https://www.dentvitalis.com/domande-e-risposte","308","tocna poznata putanja sa slashom","38","da","Query ostaje; korijen / i PHP endpointi izuzeti.","ne"
"106","ZAVRSNI_SLASH","https://www.dentvitalis.com/en/about/","https://www.dentvitalis.com/en/about","308","tocna poznata putanja sa slashom","38","da","Query ostaje; korijen / i PHP endpointi izuzeti.","ne"
"107","ZAVRSNI_SLASH","https://www.dentvitalis.com/en/accommodation/","https://www.dentvitalis.com/en/accommodation","308","tocna poznata putanja sa slashom","38","da","Query ostaje; korijen / i PHP endpointi izuzeti.","ne"
"108","ZAVRSNI_SLASH","https://www.dentvitalis.com/en/all-in-one/","https://www.dentvitalis.com/en/all-in-one","308","tocna poznata putanja sa slashom","38","da","Query ostaje; korijen / i PHP endpointi izuzeti.","ne"
"109","ZAVRSNI_SLASH","https://www.dentvitalis.com/en/contact/","https://www.dentvitalis.com/en/contact","308","tocna poznata putanja sa slashom","38","da","Query ostaje; korijen / i PHP endpointi izuzeti.","ne"
"110","ZAVRSNI_SLASH","https://www.dentvitalis.com/en/crowns-veneers-bridges/","https://www.dentvitalis.com/en/crowns-veneers-bridges","308","tocna poznata putanja sa slashom","38","da","Query ostaje; korijen / i PHP endpointi izuzeti.","ne"
"111","ZAVRSNI_SLASH","https://www.dentvitalis.com/en/directions/","https://www.dentvitalis.com/en/directions","308","tocna poznata putanja sa slashom","38","da","Query ostaje; korijen / i PHP endpointi izuzeti.","ne"
"112","ZAVRSNI_SLASH","https://www.dentvitalis.com/en/faq/","https://www.dentvitalis.com/en/faq","308","tocna poznata putanja sa slashom","38","da","Query ostaje; korijen / i PHP endpointi izuzeti.","ne"
"113","ZAVRSNI_SLASH","https://www.dentvitalis.com/en/first-visit/","https://www.dentvitalis.com/en/first-visit","308","tocna poznata putanja sa slashom","38","da","Query ostaje; korijen / i PHP endpointi izuzeti.","ne"
"114","ZAVRSNI_SLASH","https://www.dentvitalis.com/en/fixed-implant-bridge/","https://www.dentvitalis.com/en/fixed-implant-bridge","308","tocna poznata putanja sa slashom","38","da","Query ostaje; korijen / i PHP endpointi izuzeti.","ne"
"115","ZAVRSNI_SLASH","https://www.dentvitalis.com/en/four-implant-denture/","https://www.dentvitalis.com/en/four-implant-denture","308","tocna poznata putanja sa slashom","38","da","Query ostaje; korijen / i PHP endpointi izuzeti.","ne"
"116","ZAVRSNI_SLASH","https://www.dentvitalis.com/en/gallery/","https://www.dentvitalis.com/en/gallery","308","tocna poznata putanja sa slashom","38","da","Query ostaje; korijen / i PHP endpointi izuzeti.","ne"
"117","ZAVRSNI_SLASH","https://www.dentvitalis.com/en/guarantees/","https://www.dentvitalis.com/en/guarantees","308","tocna poznata putanja sa slashom","38","da","Query ostaje; korijen / i PHP endpointi izuzeti.","ne"
"118","ZAVRSNI_SLASH","https://www.dentvitalis.com/en/","https://www.dentvitalis.com/en","308","tocna poznata putanja sa slashom","38","da","Query ostaje; korijen / i PHP endpointi izuzeti.","ne"
"119","ZAVRSNI_SLASH","https://www.dentvitalis.com/en/information/","https://www.dentvitalis.com/en/information","308","tocna poznata putanja sa slashom","38","da","Query ostaje; korijen / i PHP endpointi izuzeti.","ne"
"120","ZAVRSNI_SLASH","https://www.dentvitalis.com/en/laboratory/","https://www.dentvitalis.com/en/laboratory","308","tocna poznata putanja sa slashom","38","da","Query ostaje; korijen / i PHP endpointi izuzeti.","ne"
"121","ZAVRSNI_SLASH","https://www.dentvitalis.com/en/materials/","https://www.dentvitalis.com/en/materials","308","tocna poznata putanja sa slashom","38","da","Query ostaje; korijen / i PHP endpointi izuzeti.","ne"
"122","ZAVRSNI_SLASH","https://www.dentvitalis.com/en/new-implants/","https://www.dentvitalis.com/en/new-implants","308","tocna poznata putanja sa slashom","38","da","Query ostaje; korijen / i PHP endpointi izuzeti.","ne"
"123","ZAVRSNI_SLASH","https://www.dentvitalis.com/en/payment/","https://www.dentvitalis.com/en/payment","308","tocna poznata putanja sa slashom","38","da","Query ostaje; korijen / i PHP endpointi izuzeti.","ne"
"124","ZAVRSNI_SLASH","https://www.dentvitalis.com/en/prices/","https://www.dentvitalis.com/en/prices","308","tocna poznata putanja sa slashom","38","da","Query ostaje; korijen / i PHP endpointi izuzeti.","ne"
"125","ZAVRSNI_SLASH","https://www.dentvitalis.com/en/privacy-policy/","https://www.dentvitalis.com/en/privacy-policy","308","tocna poznata putanja sa slashom","38","da","Query ostaje; korijen / i PHP endpointi izuzeti.","ne"
"126","ZAVRSNI_SLASH","https://www.dentvitalis.com/en/sedation/","https://www.dentvitalis.com/en/sedation","308","tocna poznata putanja sa slashom","38","da","Query ostaje; korijen / i PHP endpointi izuzeti.","ne"
"127","ZAVRSNI_SLASH","https://www.dentvitalis.com/en/services/","https://www.dentvitalis.com/en/services","308","tocna poznata putanja sa slashom","38","da","Query ostaje; korijen / i PHP endpointi izuzeti.","ne"
"128","ZAVRSNI_SLASH","https://www.dentvitalis.com/en/specialists/","https://www.dentvitalis.com/en/specialists","308","tocna poznata putanja sa slashom","38","da","Query ostaje; korijen / i PHP endpointi izuzeti.","ne"
"129","ZAVRSNI_SLASH","https://www.dentvitalis.com/en/terms-of-use/","https://www.dentvitalis.com/en/terms-of-use","308","tocna poznata putanja sa slashom","38","da","Query ostaje; korijen / i PHP endpointi izuzeti.","ne"
"130","ZAVRSNI_SLASH","https://www.dentvitalis.com/en/testimonials/","https://www.dentvitalis.com/en/testimonials","308","tocna poznata putanja sa slashom","38","da","Query ostaje; korijen / i PHP endpointi izuzeti.","ne"
"131","ZAVRSNI_SLASH","https://www.dentvitalis.com/en/thanks/","https://www.dentvitalis.com/en/thanks","308","tocna poznata putanja sa slashom","38","da","Query ostaje; korijen / i PHP endpointi izuzeti.","ne"
"132","ZAVRSNI_SLASH","https://www.dentvitalis.com/en/treatment-duration/","https://www.dentvitalis.com/en/treatment-duration","308","tocna poznata putanja sa slashom","38","da","Query ostaje; korijen / i PHP endpointi izuzeti.","ne"
"133","ZAVRSNI_SLASH","https://www.dentvitalis.com/en/whitening/","https://www.dentvitalis.com/en/whitening","308","tocna poznata putanja sa slashom","38","da","Query ostaje; korijen / i PHP endpointi izuzeti.","ne"
"134","ZAVRSNI_SLASH","https://www.dentvitalis.com/faq/","https://www.dentvitalis.com/faq","308","tocna poznata putanja sa slashom","38","da","Query ostaje; korijen / i PHP endpointi izuzeti.","ne"
"135","ZAVRSNI_SLASH","https://www.dentvitalis.com/grazie/","https://www.dentvitalis.com/grazie","308","tocna poznata putanja sa slashom","38","da","Query ostaje; korijen / i PHP endpointi izuzeti.","ne"
"136","ZAVRSNI_SLASH","https://www.dentvitalis.com/hr/cjenik/","https://www.dentvitalis.com/hr/cjenik","308","tocna poznata putanja sa slashom","38","da","Query ostaje; korijen / i PHP endpointi izuzeti.","ne"
"137","ZAVRSNI_SLASH","https://www.dentvitalis.com/hr/dentalni-laboratorij/","https://www.dentvitalis.com/hr/dentalni-laboratorij","308","tocna poznata putanja sa slashom","38","da","Query ostaje; korijen / i PHP endpointi izuzeti.","ne"
"138","ZAVRSNI_SLASH","https://www.dentvitalis.com/hr/faq/","https://www.dentvitalis.com/hr/faq","308","tocna poznata putanja sa slashom","38","da","Query ostaje; korijen / i PHP endpointi izuzeti.","ne"
"139","ZAVRSNI_SLASH","https://www.dentvitalis.com/hr/fiksni-most-na-implantatima/","https://www.dentvitalis.com/hr/fiksni-most-na-implantatima","308","tocna poznata putanja sa slashom","38","da","Query ostaje; korijen / i PHP endpointi izuzeti.","ne"
"140","ZAVRSNI_SLASH","https://www.dentvitalis.com/hr/galerija/","https://www.dentvitalis.com/hr/galerija","308","tocna poznata putanja sa slashom","38","da","Query ostaje; korijen / i PHP endpointi izuzeti.","ne"
"141","ZAVRSNI_SLASH","https://www.dentvitalis.com/hr/hvala/","https://www.dentvitalis.com/hr/hvala","308","tocna poznata putanja sa slashom","38","da","Query ostaje; korijen / i PHP endpointi izuzeti.","ne"
"142","ZAVRSNI_SLASH","https://www.dentvitalis.com/hr/implantati-nove-generacije/","https://www.dentvitalis.com/hr/implantati-nove-generacije","308","tocna poznata putanja sa slashom","38","da","Query ostaje; korijen / i PHP endpointi izuzeti.","ne"
"143","ZAVRSNI_SLASH","https://www.dentvitalis.com/hr/","https://www.dentvitalis.com/hr","308","tocna poznata putanja sa slashom","38","da","Query ostaje; korijen / i PHP endpointi izuzeti.","ne"
"144","ZAVRSNI_SLASH","https://www.dentvitalis.com/hr/informacije-za-pacijente/","https://www.dentvitalis.com/hr/informacije-za-pacijente","308","tocna poznata putanja sa slashom","38","da","Query ostaje; korijen / i PHP endpointi izuzeti.","ne"
"145","ZAVRSNI_SLASH","https://www.dentvitalis.com/hr/iskustva-pacijenata/","https://www.dentvitalis.com/hr/iskustva-pacijenata","308","tocna poznata putanja sa slashom","38","da","Query ostaje; korijen / i PHP endpointi izuzeti.","ne"
"146","ZAVRSNI_SLASH","https://www.dentvitalis.com/hr/izbjeljivanje-zubi/","https://www.dentvitalis.com/hr/izbjeljivanje-zubi","308","tocna poznata putanja sa slashom","38","da","Query ostaje; korijen / i PHP endpointi izuzeti.","ne"
"147","ZAVRSNI_SLASH","https://www.dentvitalis.com/hr/jamstva/","https://www.dentvitalis.com/hr/jamstva","308","tocna poznata putanja sa slashom","38","da","Query ostaje; korijen / i PHP endpointi izuzeti.","ne"
"148","ZAVRSNI_SLASH","https://www.dentvitalis.com/hr/kako-do-nas/","https://www.dentvitalis.com/hr/kako-do-nas","308","tocna poznata putanja sa slashom","38","da","Query ostaje; korijen / i PHP endpointi izuzeti.","ne"
"149","ZAVRSNI_SLASH","https://www.dentvitalis.com/hr/kontakt/","https://www.dentvitalis.com/hr/kontakt","308","tocna poznata putanja sa slashom","38","da","Query ostaje; korijen / i PHP endpointi izuzeti.","ne"
"150","ZAVRSNI_SLASH","https://www.dentvitalis.com/hr/krunice-ljuskice-mostovi-i-proteze/","https://www.dentvitalis.com/hr/krunice-ljuskice-mostovi-i-proteze","308","tocna poznata putanja sa slashom","38","da","Query ostaje; korijen / i PHP endpointi izuzeti.","ne"
"151","ZAVRSNI_SLASH","https://www.dentvitalis.com/hr/materijali-i-oprema/","https://www.dentvitalis.com/hr/materijali-i-oprema","308","tocna poznata putanja sa slashom","38","da","Query ostaje; korijen / i PHP endpointi izuzeti.","ne"
"152","ZAVRSNI_SLASH","https://www.dentvitalis.com/hr/nasi-specijalisti/","https://www.dentvitalis.com/hr/nasi-specijalisti","308","tocna poznata putanja sa slashom","38","da","Query ostaje; korijen / i PHP endpointi izuzeti.","ne"
"153","ZAVRSNI_SLASH","https://www.dentvitalis.com/hr/o-nama/","https://www.dentvitalis.com/hr/o-nama","308","tocna poznata putanja sa slashom","38","da","Query ostaje; korijen / i PHP endpointi izuzeti.","ne"
"154","ZAVRSNI_SLASH","https://www.dentvitalis.com/hr/placanje/","https://www.dentvitalis.com/hr/placanje","308","tocna poznata putanja sa slashom","38","da","Query ostaje; korijen / i PHP endpointi izuzeti.","ne"
"155","ZAVRSNI_SLASH","https://www.dentvitalis.com/hr/polica-privatnosti/","https://www.dentvitalis.com/hr/polica-privatnosti","308","tocna poznata putanja sa slashom","38","da","Query ostaje; korijen / i PHP endpointi izuzeti.","ne"
"156","ZAVRSNI_SLASH","https://www.dentvitalis.com/hr/proteza-na-4-implantata/","https://www.dentvitalis.com/hr/proteza-na-4-implantata","308","tocna poznata putanja sa slashom","38","da","Query ostaje; korijen / i PHP endpointi izuzeti.","ne"
"157","ZAVRSNI_SLASH","https://www.dentvitalis.com/hr/prvi-pregled/","https://www.dentvitalis.com/hr/prvi-pregled","308","tocna poznata putanja sa slashom","38","da","Query ostaje; korijen / i PHP endpointi izuzeti.","ne"
"158","ZAVRSNI_SLASH","https://www.dentvitalis.com/hr/smjestaj/","https://www.dentvitalis.com/hr/smjestaj","308","tocna poznata putanja sa slashom","38","da","Query ostaje; korijen / i PHP endpointi izuzeti.","ne"
"159","ZAVRSNI_SLASH","https://www.dentvitalis.com/hr/sve-na-jednom-mjestu/","https://www.dentvitalis.com/hr/sve-na-jednom-mjestu","308","tocna poznata putanja sa slashom","38","da","Query ostaje; korijen / i PHP endpointi izuzeti.","ne"
"160","ZAVRSNI_SLASH","https://www.dentvitalis.com/hr/svjesna-sedacija/","https://www.dentvitalis.com/hr/svjesna-sedacija","308","tocna poznata putanja sa slashom","38","da","Query ostaje; korijen / i PHP endpointi izuzeti.","ne"
"161","ZAVRSNI_SLASH","https://www.dentvitalis.com/hr/trajanje-lijecenja/","https://www.dentvitalis.com/hr/trajanje-lijecenja","308","tocna poznata putanja sa slashom","38","da","Query ostaje; korijen / i PHP endpointi izuzeti.","ne"
"162","ZAVRSNI_SLASH","https://www.dentvitalis.com/hr/usluge/","https://www.dentvitalis.com/hr/usluge","308","tocna poznata putanja sa slashom","38","da","Query ostaje; korijen / i PHP endpointi izuzeti.","ne"
"163","ZAVRSNI_SLASH","https://www.dentvitalis.com/hr/uvjeti-koristenja/","https://www.dentvitalis.com/hr/uvjeti-koristenja","308","tocna poznata putanja sa slashom","38","da","Query ostaje; korijen / i PHP endpointi izuzeti.","ne"
"164","ZAVRSNI_SLASH","https://www.dentvitalis.com/informativa-sulla-privacy/","https://www.dentvitalis.com/informativa-sulla-privacy","308","tocna poznata putanja sa slashom","38","da","Query ostaje; korijen / i PHP endpointi izuzeti.","ne"
"165","ZAVRSNI_SLASH","https://www.dentvitalis.com/informazioni-per-pazienti/","https://www.dentvitalis.com/informazioni-per-pazienti","308","tocna poznata putanja sa slashom","38","da","Query ostaje; korijen / i PHP endpointi izuzeti.","ne"
"166","ZAVRSNI_SLASH","https://www.dentvitalis.com/informazioni/alloggio/","https://www.dentvitalis.com/informazioni/alloggio","308","tocna poznata putanja sa slashom","38","da","Query ostaje; korijen / i PHP endpointi izuzeti.","ne"
"167","ZAVRSNI_SLASH","https://www.dentvitalis.com/informazioni/garanzie/","https://www.dentvitalis.com/informazioni/garanzie","308","tocna poznata putanja sa slashom","38","da","Query ostaje; korijen / i PHP endpointi izuzeti.","ne"
"168","ZAVRSNI_SLASH","https://www.dentvitalis.com/informazioni/listino-prezzi/","https://www.dentvitalis.com/informazioni/listino-prezzi","308","tocna poznata putanja sa slashom","38","da","Query ostaje; korijen / i PHP endpointi izuzeti.","ne"
"169","ZAVRSNI_SLASH","https://www.dentvitalis.com/informazioni/pagamento-flessibile/","https://www.dentvitalis.com/informazioni/pagamento-flessibile","308","tocna poznata putanja sa slashom","38","da","Query ostaje; korijen / i PHP endpointi izuzeti.","ne"
"170","ZAVRSNI_SLASH","https://www.dentvitalis.com/informazioni/prima-visita-gratuita/","https://www.dentvitalis.com/informazioni/prima-visita-gratuita","308","tocna poznata putanja sa slashom","38","da","Query ostaje; korijen / i PHP endpointi izuzeti.","ne"
"171","ZAVRSNI_SLASH","https://www.dentvitalis.com/informazioni/tempi-del-trattamento/","https://www.dentvitalis.com/informazioni/tempi-del-trattamento","308","tocna poznata putanja sa slashom","38","da","Query ostaje; korijen / i PHP endpointi izuzeti.","ne"
"172","ZAVRSNI_SLASH","https://www.dentvitalis.com/informazioni/trasporto/","https://www.dentvitalis.com/informazioni/trasporto","308","tocna poznata putanja sa slashom","38","da","Query ostaje; korijen / i PHP endpointi izuzeti.","ne"
"173","ZAVRSNI_SLASH","https://www.dentvitalis.com/prestazioni-dentali/","https://www.dentvitalis.com/prestazioni-dentali","308","tocna poznata putanja sa slashom","38","da","Query ostaje; korijen / i PHP endpointi izuzeti.","ne"
"174","ZAVRSNI_SLASH","https://www.dentvitalis.com/prestazioni/corone-faccette-ponti-e-protesi/","https://www.dentvitalis.com/prestazioni/corone-faccette-ponti-e-protesi","308","tocna poznata putanja sa slashom","38","da","Query ostaje; korijen / i PHP endpointi izuzeti.","ne"
"175","ZAVRSNI_SLASH","https://www.dentvitalis.com/prestazioni/premium-ponte-fisso-su-impianti/","https://www.dentvitalis.com/prestazioni/premium-ponte-fisso-su-impianti","308","tocna poznata putanja sa slashom","38","da","Query ostaje; korijen / i PHP endpointi izuzeti.","ne"
"176","ZAVRSNI_SLASH","https://www.dentvitalis.com/prestazioni/protesi-definitiva-ancorata-su-4-impianti/","https://www.dentvitalis.com/prestazioni/protesi-definitiva-ancorata-su-4-impianti","308","tocna poznata putanja sa slashom","38","da","Query ostaje; korijen / i PHP endpointi izuzeti.","ne"
"177","ZAVRSNI_SLASH","https://www.dentvitalis.com/prestazioni/sbiancamento-dei-denti/","https://www.dentvitalis.com/prestazioni/sbiancamento-dei-denti","308","tocna poznata putanja sa slashom","38","da","Query ostaje; korijen / i PHP endpointi izuzeti.","ne"
"178","ZAVRSNI_SLASH","https://www.dentvitalis.com/prestazioni/sedazione-cosciente/","https://www.dentvitalis.com/prestazioni/sedazione-cosciente","308","tocna poznata putanja sa slashom","38","da","Query ostaje; korijen / i PHP endpointi izuzeti.","ne"
"179","ZAVRSNI_SLASH","https://www.dentvitalis.com/si/about/","https://www.dentvitalis.com/si/about","308","tocna poznata putanja sa slashom","38","da","Query ostaje; korijen / i PHP endpointi izuzeti.","ne"
"180","ZAVRSNI_SLASH","https://www.dentvitalis.com/si/accommodation/","https://www.dentvitalis.com/si/accommodation","308","tocna poznata putanja sa slashom","38","da","Query ostaje; korijen / i PHP endpointi izuzeti.","ne"
"181","ZAVRSNI_SLASH","https://www.dentvitalis.com/si/all-in-one/","https://www.dentvitalis.com/si/all-in-one","308","tocna poznata putanja sa slashom","38","da","Query ostaje; korijen / i PHP endpointi izuzeti.","ne"
"182","ZAVRSNI_SLASH","https://www.dentvitalis.com/si/contact/","https://www.dentvitalis.com/si/contact","308","tocna poznata putanja sa slashom","38","da","Query ostaje; korijen / i PHP endpointi izuzeti.","ne"
"183","ZAVRSNI_SLASH","https://www.dentvitalis.com/si/crowns-veneers-bridges/","https://www.dentvitalis.com/si/crowns-veneers-bridges","308","tocna poznata putanja sa slashom","38","da","Query ostaje; korijen / i PHP endpointi izuzeti.","ne"
"184","ZAVRSNI_SLASH","https://www.dentvitalis.com/si/directions/","https://www.dentvitalis.com/si/directions","308","tocna poznata putanja sa slashom","38","da","Query ostaje; korijen / i PHP endpointi izuzeti.","ne"
"185","ZAVRSNI_SLASH","https://www.dentvitalis.com/si/faq/","https://www.dentvitalis.com/si/faq","308","tocna poznata putanja sa slashom","38","da","Query ostaje; korijen / i PHP endpointi izuzeti.","ne"
"186","ZAVRSNI_SLASH","https://www.dentvitalis.com/si/first-visit/","https://www.dentvitalis.com/si/first-visit","308","tocna poznata putanja sa slashom","38","da","Query ostaje; korijen / i PHP endpointi izuzeti.","ne"
"187","ZAVRSNI_SLASH","https://www.dentvitalis.com/si/fixed-implant-bridge/","https://www.dentvitalis.com/si/fixed-implant-bridge","308","tocna poznata putanja sa slashom","38","da","Query ostaje; korijen / i PHP endpointi izuzeti.","ne"
"188","ZAVRSNI_SLASH","https://www.dentvitalis.com/si/four-implant-denture/","https://www.dentvitalis.com/si/four-implant-denture","308","tocna poznata putanja sa slashom","38","da","Query ostaje; korijen / i PHP endpointi izuzeti.","ne"
"189","ZAVRSNI_SLASH","https://www.dentvitalis.com/si/gallery/","https://www.dentvitalis.com/si/gallery","308","tocna poznata putanja sa slashom","38","da","Query ostaje; korijen / i PHP endpointi izuzeti.","ne"
"190","ZAVRSNI_SLASH","https://www.dentvitalis.com/si/guarantees/","https://www.dentvitalis.com/si/guarantees","308","tocna poznata putanja sa slashom","38","da","Query ostaje; korijen / i PHP endpointi izuzeti.","ne"
"191","ZAVRSNI_SLASH","https://www.dentvitalis.com/si/hvala/","https://www.dentvitalis.com/si/hvala","308","tocna poznata putanja sa slashom","38","da","Query ostaje; korijen / i PHP endpointi izuzeti.","ne"
"192","ZAVRSNI_SLASH","https://www.dentvitalis.com/si/","https://www.dentvitalis.com/si","308","tocna poznata putanja sa slashom","38","da","Query ostaje; korijen / i PHP endpointi izuzeti.","ne"
"193","ZAVRSNI_SLASH","https://www.dentvitalis.com/si/information/","https://www.dentvitalis.com/si/information","308","tocna poznata putanja sa slashom","38","da","Query ostaje; korijen / i PHP endpointi izuzeti.","ne"
"194","ZAVRSNI_SLASH","https://www.dentvitalis.com/si/laboratory/","https://www.dentvitalis.com/si/laboratory","308","tocna poznata putanja sa slashom","38","da","Query ostaje; korijen / i PHP endpointi izuzeti.","ne"
"195","ZAVRSNI_SLASH","https://www.dentvitalis.com/si/materials/","https://www.dentvitalis.com/si/materials","308","tocna poznata putanja sa slashom","38","da","Query ostaje; korijen / i PHP endpointi izuzeti.","ne"
"196","ZAVRSNI_SLASH","https://www.dentvitalis.com/si/new-implants/","https://www.dentvitalis.com/si/new-implants","308","tocna poznata putanja sa slashom","38","da","Query ostaje; korijen / i PHP endpointi izuzeti.","ne"
"197","ZAVRSNI_SLASH","https://www.dentvitalis.com/si/payment/","https://www.dentvitalis.com/si/payment","308","tocna poznata putanja sa slashom","38","da","Query ostaje; korijen / i PHP endpointi izuzeti.","ne"
"198","ZAVRSNI_SLASH","https://www.dentvitalis.com/si/pogoji-uporabe/","https://www.dentvitalis.com/si/pogoji-uporabe","308","tocna poznata putanja sa slashom","38","da","Query ostaje; korijen / i PHP endpointi izuzeti.","ne"
"199","ZAVRSNI_SLASH","https://www.dentvitalis.com/si/politika-zasebnosti/","https://www.dentvitalis.com/si/politika-zasebnosti","308","tocna poznata putanja sa slashom","38","da","Query ostaje; korijen / i PHP endpointi izuzeti.","ne"
"200","ZAVRSNI_SLASH","https://www.dentvitalis.com/si/prices/","https://www.dentvitalis.com/si/prices","308","tocna poznata putanja sa slashom","38","da","Query ostaje; korijen / i PHP endpointi izuzeti.","ne"
"201","ZAVRSNI_SLASH","https://www.dentvitalis.com/si/sedation/","https://www.dentvitalis.com/si/sedation","308","tocna poznata putanja sa slashom","38","da","Query ostaje; korijen / i PHP endpointi izuzeti.","ne"
"202","ZAVRSNI_SLASH","https://www.dentvitalis.com/si/services/","https://www.dentvitalis.com/si/services","308","tocna poznata putanja sa slashom","38","da","Query ostaje; korijen / i PHP endpointi izuzeti.","ne"
"203","ZAVRSNI_SLASH","https://www.dentvitalis.com/si/specialists/","https://www.dentvitalis.com/si/specialists","308","tocna poznata putanja sa slashom","38","da","Query ostaje; korijen / i PHP endpointi izuzeti.","ne"
"204","ZAVRSNI_SLASH","https://www.dentvitalis.com/si/testimonials/","https://www.dentvitalis.com/si/testimonials","308","tocna poznata putanja sa slashom","38","da","Query ostaje; korijen / i PHP endpointi izuzeti.","ne"
"205","ZAVRSNI_SLASH","https://www.dentvitalis.com/si/treatment-duration/","https://www.dentvitalis.com/si/treatment-duration","308","tocna poznata putanja sa slashom","38","da","Query ostaje; korijen / i PHP endpointi izuzeti.","ne"
"206","ZAVRSNI_SLASH","https://www.dentvitalis.com/si/whitening/","https://www.dentvitalis.com/si/whitening","308","tocna poznata putanja sa slashom","38","da","Query ostaje; korijen / i PHP endpointi izuzeti.","ne"
"207","ZAVRSNI_SLASH","https://www.dentvitalis.com/su-di-noi/come-raggiungerci/","https://www.dentvitalis.com/su-di-noi/come-raggiungerci","308","tocna poznata putanja sa slashom","38","da","Query ostaje; korijen / i PHP endpointi izuzeti.","ne"
"208","ZAVRSNI_SLASH","https://www.dentvitalis.com/su-di-noi/i-nostri-specialisti/","https://www.dentvitalis.com/su-di-noi/i-nostri-specialisti","308","tocna poznata putanja sa slashom","38","da","Query ostaje; korijen / i PHP endpointi izuzeti.","ne"
"209","ZAVRSNI_SLASH","https://www.dentvitalis.com/su-di-noi/impianti-di-nuova-generazione/","https://www.dentvitalis.com/su-di-noi/impianti-di-nuova-generazione","308","tocna poznata putanja sa slashom","38","da","Query ostaje; korijen / i PHP endpointi izuzeti.","ne"
"210","ZAVRSNI_SLASH","https://www.dentvitalis.com/su-di-noi/laboratorio-odontotecnico/","https://www.dentvitalis.com/su-di-noi/laboratorio-odontotecnico","308","tocna poznata putanja sa slashom","38","da","Query ostaje; korijen / i PHP endpointi izuzeti.","ne"
"211","ZAVRSNI_SLASH","https://www.dentvitalis.com/su-di-noi/materiali-e-apparecchiature/","https://www.dentvitalis.com/su-di-noi/materiali-e-apparecchiature","308","tocna poznata putanja sa slashom","38","da","Query ostaje; korijen / i PHP endpointi izuzeti.","ne"
"212","ZAVRSNI_SLASH","https://www.dentvitalis.com/su-di-noi/tutto-in-un-unico-luogo/","https://www.dentvitalis.com/su-di-noi/tutto-in-un-unico-luogo","308","tocna poznata putanja sa slashom","38","da","Query ostaje; korijen / i PHP endpointi izuzeti.","ne"
"213","ZAVRSNI_SLASH","https://www.dentvitalis.com/testimonianze/","https://www.dentvitalis.com/testimonianze","308","tocna poznata putanja sa slashom","38","da","Query ostaje; korijen / i PHP endpointi izuzeti.","ne"
"214","NASLIJEDENO_HOST_PRAVILO","http://{host}/{putanja}","https://{isti_host}/{ista_putanja}","302","HTTPS off","251","nije_primjenjivo","Sacuvano; za dentvitalis prednost ima novi 308.","ne"
"215","NASLIJEDENO_HOST_PRAVILO","{protokol}://{host_bez_www}/{putanja}","http://www.{isti_host}/{ista_putanja}","301","HTTP_HOST ne pocinje www.","254","nije_primjenjivo","Sacuvano; nije preporucena nova shema; novi 308 ima prednost.","ne"
"216","UKLONJENO_410","https://www.dentvitalis.com/hr/hvala-akcija","","410","tocna putanja; opcionalni slash","29","nije_primjenjivo","NIJE REDIREKCIJA; odobreno uklanjanje.","ne"
"217","UKLONJENO_410","https://www.dentvitalis.com/si/hvala-akcija","","410","tocna putanja; opcionalni slash","29","nije_primjenjivo","NIJE REDIREKCIJA; odobreno uklanjanje.","ne"
"218","UKLONJENO_PRAVILO_NEAKTIVNO","https://www.dentvitalis.com/hr/iskustva-pacijenata","https://www.dentvitalis.com/hr/testimonials","301","izvorna pojava 1","","ne","NEAKTIVNO; odobreno uklanjanje; nova HR stranica ostaje.","ne"
"219","UKLONJENO_PRAVILO_NEAKTIVNO","https://www.dentvitalis.com/hr/iskustva-pacijenata","https://www.dentvitalis.com/hr/testimonials","301","izvorna pojava 2","","ne","NEAKTIVNO; odobreno uklanjanje; nova HR stranica ostaje.","ne"
"220","UKLONJENO_PRAVILO_NEAKTIVNO","https://www.dentvitalis.com/vr_tour_eng.htm","https://www.dentvitalis.com/","301","suprotna izvorna VR pojava","","da","NEAKTIVNO; ostaje samo /en.","ne"
