stari_url;novi_url;status;lanac
"https://www.dentvitalis.com/";"https://www.dentvitalis.com/";"Ista adresa";""
"https://www.dentvitalis.com/si";"https://www.dentvitalis.com/si";"Ista adresa";""
"https://www.dentvitalis.com/en";"https://www.dentvitalis.com/en";"Ista adresa";""
"https://www.dentvitalis.com/de";"https://www.dentvitalis.com/de";"Ista adresa";""
"https://www.dentvitalis.com/hr";"https://www.dentvitalis.com/hr";"Ista adresa";""
"https://www.dentvitalis.com/chi-siamo";"https://www.dentvitalis.com/chi-siamo";"Ista adresa";""
"https://www.dentvitalis.com/si/o-nas";"https://www.dentvitalis.com/si/o-nas";"Ista adresa";""
"https://www.dentvitalis.com/en/about-us";"https://www.dentvitalis.com/en/about";"Postojeća ili odobrena redirekcija 301";"/en/about-us -> /en/about"
"https://www.dentvitalis.com/de/uber-uns";"https://www.dentvitalis.com/de/uber-uns";"Ista adresa";""
"https://www.dentvitalis.com/hr/o-nama";"https://www.dentvitalis.com/hr/o-nama";"Ista adresa";""
"https://www.dentvitalis.com/prima-visita";"";"Potrebna provjera/odluka; nema novog statičkog ekvivalenta ni odobrene 301, PHP fallback nije testiran";""
"https://www.dentvitalis.com/si/prvi-pregled";"https://www.dentvitalis.com/si/prvi-pregled";"Ista adresa";""
"https://www.dentvitalis.com/en/first-visit";"https://www.dentvitalis.com/en/first-visit";"Ista adresa";""
"https://www.dentvitalis.com/de/die-erste-kontrolle";"";"Potrebna provjera/odluka; nema novog statičkog ekvivalenta ni odobrene 301, PHP fallback nije testiran";""
"https://www.dentvitalis.com/hr/prvi-pregled";"https://www.dentvitalis.com/hr/prvi-pregled";"Ista adresa";""
"https://www.dentvitalis.com/testimonianze";"https://www.dentvitalis.com/testimonianze";"Ista adresa";""
"https://www.dentvitalis.com/si/testimonials-nado-bukovic";"";"Potrebna provjera/odluka; nema novog statičkog ekvivalenta ni odobrene 301, PHP fallback nije testiran";""
"https://www.dentvitalis.com/en/testimonials";"https://www.dentvitalis.com/en/testimonials";"Ista adresa";""
"https://www.dentvitalis.com/de/testimonials";"https://www.dentvitalis.com/de/erfahrungen-unserer-patienten";"Postojeća ili odobrena redirekcija 301";"/de/testimonials -> /de/erfahrungen-unserer-patienten"
"https://www.dentvitalis.com/hr/testimonials";"";"Potrebna provjera/odluka; nema novog statičkog ekvivalenta ni odobrene 301, PHP fallback nije testiran";""
"https://www.dentvitalis.com/testimonianze-edita-karadole-attrice";"";"Potrebna provjera/odluka; nema novog statičkog ekvivalenta ni odobrene 301, PHP fallback nije testiran";""
"https://www.dentvitalis.com/testimonials-edita-karadole-igralka";"";"Potrebna provjera/odluka; nema novog statičkog ekvivalenta ni odobrene 301, PHP fallback nije testiran";""
"https://www.dentvitalis.com/en/testimonials-edita-karadole-actress";"";"Potrebna provjera/odluka; nema novog statičkog ekvivalenta ni odobrene 301, PHP fallback nije testiran";""
"https://www.dentvitalis.com/de/testimonials-edita-karadole-schauspielerin";"";"Potrebna provjera/odluka; nema novog statičkog ekvivalenta ni odobrene 301, PHP fallback nije testiran";""
"https://www.dentvitalis.com/hr/testimonials-edita-karadole-glumica";"https://www.dentvitalis.com/hr/iskustva-pacijenata";"Postojeća ili odobrena redirekcija 301";"/hr/testimonials-edita-karadole-glumica -> /hr/iskustva-pacijenata"
"https://www.dentvitalis.com/testimonianze-zoran-roje-direttore-sportivo";"";"Potrebna provjera/odluka; nema novog statičkog ekvivalenta ni odobrene 301, PHP fallback nije testiran";""
"https://www.dentvitalis.com/testimonilas-zoran-roje-sportski-direktor";"";"Potrebna provjera/odluka; nema novog statičkog ekvivalenta ni odobrene 301, PHP fallback nije testiran";""
"https://www.dentvitalis.com/en/testimonials-zoran-roje-sports-director";"";"Potrebna provjera/odluka; nema novog statičkog ekvivalenta ni odobrene 301, PHP fallback nije testiran";""
"https://www.dentvitalis.com/de/testimonials-zoran-roje-sportdirektor";"";"Potrebna provjera/odluka; nema novog statičkog ekvivalenta ni odobrene 301, PHP fallback nije testiran";""
"https://www.dentvitalis.com/hr/testimonials-zoran-roje-sportski-direktor";"https://www.dentvitalis.com/hr/iskustva-pacijenata";"Postojeća ili odobrena redirekcija 301";"/hr/testimonials-zoran-roje-sportski-direktor -> /hr/iskustva-pacijenata"
"https://www.dentvitalis.com/testimonianze-lorenzo-fabbro";"";"Potrebna provjera/odluka; nema novog statičkog ekvivalenta ni odobrene 301, PHP fallback nije testiran";""
"https://www.dentvitalis.com/si/testimonials";"https://www.dentvitalis.com/si/izkusnje-pacientov";"Postojeća ili odobrena redirekcija 301";"/si/testimonials -> /si/izkusnje-pacientov"
"https://www.dentvitalis.com/testimonianze-nilo-falchi";"";"Potrebna provjera/odluka; nema novog statičkog ekvivalenta ni odobrene 301, PHP fallback nije testiran";""
"https://www.dentvitalis.com/testimonianze";"https://www.dentvitalis.com/testimonianze";"Ista adresa";""
"https://www.dentvitalis.com/garanzie";"";"Potrebna provjera/odluka; nema novog statičkog ekvivalenta ni odobrene 301, PHP fallback nije testiran";""
"https://www.dentvitalis.com/si/garancije";"https://www.dentvitalis.com/si/garancije";"Ista adresa";""
"https://www.dentvitalis.com/en/guarantees";"https://www.dentvitalis.com/en/guarantees";"Ista adresa";""
"https://www.dentvitalis.com/de/garantien";"https://www.dentvitalis.com/de/garantien";"Ista adresa";""
"https://www.dentvitalis.com/hr/jamstva";"https://www.dentvitalis.com/hr/jamstva";"Ista adresa";""
"https://www.dentvitalis.com/pagamento";"";"Potrebna provjera/odluka; nema novog statičkog ekvivalenta ni odobrene 301, PHP fallback nije testiran";""
"https://www.dentvitalis.com/si/nacin-placanja";"https://www.dentvitalis.com/si/nacin-placanja";"Ista adresa";""
"https://www.dentvitalis.com/en/manner-of-payment";"";"Potrebna provjera/odluka; nema novog statičkog ekvivalenta ni odobrene 301, PHP fallback nije testiran";""
"https://www.dentvitalis.com/de/zahlungsart";"https://www.dentvitalis.com/de/zahlungsart";"Ista adresa";""
"https://www.dentvitalis.com/hr/placanje";"https://www.dentvitalis.com/hr/placanje";"Ista adresa";""
"https://www.dentvitalis.com/faq";"https://www.dentvitalis.com/faq";"Ista adresa";""
"https://www.dentvitalis.com/si/faq";"https://www.dentvitalis.com/si/faq";"Ista adresa";""
"https://www.dentvitalis.com/en/faq";"https://www.dentvitalis.com/en/faq";"Ista adresa";""
"https://www.dentvitalis.com/de/faq";"https://www.dentvitalis.com/de/faq";"Ista adresa";""
"https://www.dentvitalis.com/hr/faq";"https://www.dentvitalis.com/hr/faq";"Ista adresa";""
"https://www.dentvitalis.com/contatti";"https://www.dentvitalis.com/contatti";"Ista adresa";""
"https://www.dentvitalis.com/si/stik-z-nami";"https://www.dentvitalis.com/si/stik-z-nami";"Ista adresa";""
"https://www.dentvitalis.com/en/contact";"https://www.dentvitalis.com/en/contact";"Ista adresa";""
"https://www.dentvitalis.com/de/kontakt";"https://www.dentvitalis.com/de/kontakt";"Ista adresa";""
"https://www.dentvitalis.com/hr/kontakt";"https://www.dentvitalis.com/hr/kontakt";"Ista adresa";""
"https://www.dentvitalis.com/croazia-e-fiume";"";"Potrebna provjera/odluka; nema novog statičkog ekvivalenta ni odobrene 301, PHP fallback nije testiran";""
"https://www.dentvitalis.com/si/hrvaska-in-reka";"";"Potrebna provjera/odluka; nema novog statičkog ekvivalenta ni odobrene 301, PHP fallback nije testiran";""
"https://www.dentvitalis.com/en/croatia-and-rijeka";"";"Potrebna provjera/odluka; nema novog statičkog ekvivalenta ni odobrene 301, PHP fallback nije testiran";""
"https://www.dentvitalis.com/de/kroatien-and-rijeka";"";"Potrebna provjera/odluka; nema novog statičkog ekvivalenta ni odobrene 301, PHP fallback nije testiran";""
"https://www.dentvitalis.com/tecnologia";"";"Potrebna provjera/odluka; nema novog statičkog ekvivalenta ni odobrene 301, PHP fallback nije testiran";""
"https://www.dentvitalis.com/si/tehnologija";"";"Potrebna provjera/odluka; nema novog statičkog ekvivalenta ni odobrene 301, PHP fallback nije testiran";""
"https://www.dentvitalis.com/en/technology";"";"Potrebna provjera/odluka; nema novog statičkog ekvivalenta ni odobrene 301, PHP fallback nije testiran";""
"https://www.dentvitalis.com/de/technologie";"";"Potrebna provjera/odluka; nema novog statičkog ekvivalenta ni odobrene 301, PHP fallback nije testiran";""
"https://www.dentvitalis.com/hr/technologija";"https://www.dentvitalis.com/hr/materijali-i-oprema";"Postojeća ili odobrena redirekcija 301";"/hr/technologija -> /hr/materijali-i-oprema"
"https://www.dentvitalis.com/all-on-four";"";"Potrebna provjera/odluka; nema novog statičkog ekvivalenta ni odobrene 301, PHP fallback nije testiran";""
"https://www.dentvitalis.com/si/all-on-four";"";"Potrebna provjera/odluka; nema novog statičkog ekvivalenta ni odobrene 301, PHP fallback nije testiran";""
"https://www.dentvitalis.com/en/all-on-four";"";"Potrebna provjera/odluka; nema novog statičkog ekvivalenta ni odobrene 301, PHP fallback nije testiran";""
"https://www.dentvitalis.com/de/all-on-four";"";"Potrebna provjera/odluka; nema novog statičkog ekvivalenta ni odobrene 301, PHP fallback nije testiran";""
"https://www.dentvitalis.com/hr/all-on-four";"";"Potrebna provjera/odluka; nema novog statičkog ekvivalenta ni odobrene 301, PHP fallback nije testiran";""
"https://www.dentvitalis.com/bruxismo";"";"Potrebna provjera/odluka; nema novog statičkog ekvivalenta ni odobrene 301, PHP fallback nije testiran";""
"https://www.dentvitalis.com/si/bruksizem";"";"Potrebna provjera/odluka; nema novog statičkog ekvivalenta ni odobrene 301, PHP fallback nije testiran";""
"https://www.dentvitalis.com/en/bruxismus";"";"Potrebna provjera/odluka; nema novog statičkog ekvivalenta ni odobrene 301, PHP fallback nije testiran";""
"https://www.dentvitalis.com/de/bruxism";"";"Potrebna provjera/odluka; nema novog statičkog ekvivalenta ni odobrene 301, PHP fallback nije testiran";""
"https://www.dentvitalis.com/hr/bruksizam";"";"Potrebna provjera/odluka; nema novog statičkog ekvivalenta ni odobrene 301, PHP fallback nije testiran";""
"https://www.dentvitalis.com/disinfezione";"";"Potrebna provjera/odluka; nema novog statičkog ekvivalenta ni odobrene 301, PHP fallback nije testiran";""
"https://www.dentvitalis.com/si/razkuzitev";"";"Potrebna provjera/odluka; nema novog statičkog ekvivalenta ni odobrene 301, PHP fallback nije testiran";""
"https://www.dentvitalis.com/en/disinfection";"";"Potrebna provjera/odluka; nema novog statičkog ekvivalenta ni odobrene 301, PHP fallback nije testiran";""
"https://www.dentvitalis.com/de/desinfektion";"";"Potrebna provjera/odluka; nema novog statičkog ekvivalenta ni odobrene 301, PHP fallback nije testiran";""
"https://www.dentvitalis.com/hr/desinfekcija";"https://www.dentvitalis.com/hr/desinfekcija";"Zadržana PHP stranica; provjeriti na hostingu";""
"https://www.dentvitalis.com/errore";"";"Potrebna provjera/odluka; nema novog statičkog ekvivalenta ni odobrene 301, PHP fallback nije testiran";""
"https://www.dentvitalis.com/si/napaka";"";"Potrebna provjera/odluka; nema novog statičkog ekvivalenta ni odobrene 301, PHP fallback nije testiran";""
"https://www.dentvitalis.com/en/mistake";"";"Potrebna provjera/odluka; nema novog statičkog ekvivalenta ni odobrene 301, PHP fallback nije testiran";""
"https://www.dentvitalis.com/de/fehler";"";"Potrebna provjera/odluka; nema novog statičkog ekvivalenta ni odobrene 301, PHP fallback nije testiran";""
"https://www.dentvitalis.com/hr/greska";"";"Potrebna provjera/odluka; nema novog statičkog ekvivalenta ni odobrene 301, PHP fallback nije testiran";""
"https://www.dentvitalis.com/404";"";"Potrebna provjera/odluka; nema novog statičkog ekvivalenta ni odobrene 301, PHP fallback nije testiran";""
"https://www.dentvitalis.com/si/404";"";"Potrebna provjera/odluka; nema novog statičkog ekvivalenta ni odobrene 301, PHP fallback nije testiran";""
"https://www.dentvitalis.com/en/404";"";"Potrebna provjera/odluka; nema novog statičkog ekvivalenta ni odobrene 301, PHP fallback nije testiran";""
"https://www.dentvitalis.com/hr/404";"";"Potrebna provjera/odluka; nema novog statičkog ekvivalenta ni odobrene 301, PHP fallback nije testiran";""
"https://www.dentvitalis.com/grazie";"https://www.dentvitalis.com/grazie";"Zadržana zahvalna stranica; noindex, izvan sitemapa";""
"https://www.dentvitalis.com/si/hvala";"https://www.dentvitalis.com/si/hvala";"Zadržana zahvalna stranica; noindex, izvan sitemapa";""
"https://www.dentvitalis.com/en/thanks";"https://www.dentvitalis.com/en/thanks";"Zadržana zahvalna stranica; noindex, izvan sitemapa";""
"https://www.dentvitalis.com/de/dank";"https://www.dentvitalis.com/de/dank";"Zadržana zahvalna stranica; noindex, izvan sitemapa";""
"https://www.dentvitalis.com/hr/hvala";"https://www.dentvitalis.com/hr/hvala";"Zadržana zahvalna stranica; noindex, izvan sitemapa";""
"https://www.dentvitalis.com/implantologia";"";"Potrebna provjera/odluka; nema novog statičkog ekvivalenta ni odobrene 301, PHP fallback nije testiran";""
"https://www.dentvitalis.com/si/implantologija";"";"Potrebna provjera/odluka; nema novog statičkog ekvivalenta ni odobrene 301, PHP fallback nije testiran";""
"https://www.dentvitalis.com/en/implantation";"";"Potrebna provjera/odluka; nema novog statičkog ekvivalenta ni odobrene 301, PHP fallback nije testiran";""
"https://www.dentvitalis.com/de/implantologie";"";"Potrebna provjera/odluka; nema novog statičkog ekvivalenta ni odobrene 301, PHP fallback nije testiran";""
"https://www.dentvitalis.com/hr/implantologija";"";"Potrebna provjera/odluka; nema novog statičkog ekvivalenta ni odobrene 301, PHP fallback nije testiran";""
"https://www.dentvitalis.com/inlay-in-ceramica";"";"Potrebna provjera/odluka; nema novog statičkog ekvivalenta ni odobrene 301, PHP fallback nije testiran";""
"https://www.dentvitalis.com/si/keramicni-inlay";"";"Potrebna provjera/odluka; nema novog statičkog ekvivalenta ni odobrene 301, PHP fallback nije testiran";""
"https://www.dentvitalis.com/en/ceramic-inlays";"";"Potrebna provjera/odluka; nema novog statičkog ekvivalenta ni odobrene 301, PHP fallback nije testiran";""
"https://www.dentvitalis.com/de/keramik-inlay";"";"Potrebna provjera/odluka; nema novog statičkog ekvivalenta ni odobrene 301, PHP fallback nije testiran";""
"https://www.dentvitalis.com/hr/keramicki-inlay";"";"Potrebna provjera/odluka; nema novog statičkog ekvivalenta ni odobrene 301, PHP fallback nije testiran";""
"https://www.dentvitalis.com/lavoro-combinato";"";"Potrebna provjera/odluka; nema novog statičkog ekvivalenta ni odobrene 301, PHP fallback nije testiran";""
"https://www.dentvitalis.com/si/kombinirano-delo";"";"Potrebna provjera/odluka; nema novog statičkog ekvivalenta ni odobrene 301, PHP fallback nije testiran";""
"https://www.dentvitalis.com/en/combination-work";"";"Potrebna provjera/odluka; nema novog statičkog ekvivalenta ni odobrene 301, PHP fallback nije testiran";""
"https://www.dentvitalis.com/de/kombinierte-arbeit";"";"Potrebna provjera/odluka; nema novog statičkog ekvivalenta ni odobrene 301, PHP fallback nije testiran";""
"https://www.dentvitalis.com/hr/kombinirani-rad";"";"Potrebna provjera/odluka; nema novog statičkog ekvivalenta ni odobrene 301, PHP fallback nije testiran";""
"https://www.dentvitalis.com/soluzione-protesica-fissa";"";"Potrebna provjera/odluka; nema novog statičkog ekvivalenta ni odobrene 301, PHP fallback nije testiran";""
"https://www.dentvitalis.com/si/keramicni-mosticek-na-implantatih";"";"Potrebna provjera/odluka; nema novog statičkog ekvivalenta ni odobrene 301, PHP fallback nije testiran";""
"https://www.dentvitalis.com/en/a-ceramic-bridge-on-implants";"";"Potrebna provjera/odluka; nema novog statičkog ekvivalenta ni odobrene 301, PHP fallback nije testiran";""
"https://www.dentvitalis.com/de/keramikbrucke-auf-implantaten";"";"Potrebna provjera/odluka; nema novog statičkog ekvivalenta ni odobrene 301, PHP fallback nije testiran";""
"https://www.dentvitalis.com/hr/keramicki-most-na-implantatima";"";"Potrebna provjera/odluka; nema novog statičkog ekvivalenta ni odobrene 301, PHP fallback nije testiran";""
"https://www.dentvitalis.com/ponte-in-ceramica-su-impianti";"";"Potrebna provjera/odluka; nema novog statičkog ekvivalenta ni odobrene 301, PHP fallback nije testiran";""
"https://www.dentvitalis.com/si/keramicni-mosticek-na-implantatih-all";"";"Potrebna provjera/odluka; nema novog statičkog ekvivalenta ni odobrene 301, PHP fallback nije testiran";""
"https://www.dentvitalis.com/en/ceramic-bridge-on-implants";"";"Potrebna provjera/odluka; nema novog statičkog ekvivalenta ni odobrene 301, PHP fallback nije testiran";""
"https://www.dentvitalis.com/de/keramikbrucke-auf-implantaten-all";"";"Potrebna provjera/odluka; nema novog statičkog ekvivalenta ni odobrene 301, PHP fallback nije testiran";""
"https://www.dentvitalis.com/hr/keramicki-most-na-svim-implantatima";"https://www.dentvitalis.com/hr/keramicki-most-na-svim-implantatima";"Zadržana PHP stranica; provjeriti na hostingu";""
"https://www.dentvitalis.com/ponte-in-ceramica-su-denti-naturali";"";"Potrebna provjera/odluka; nema novog statičkog ekvivalenta ni odobrene 301, PHP fallback nije testiran";""
"https://www.dentvitalis.com/si/keramicni-mosticek-na-naravnih-zobeh";"";"Potrebna provjera/odluka; nema novog statičkog ekvivalenta ni odobrene 301, PHP fallback nije testiran";""
"https://www.dentvitalis.com/en/a-ceramic-bridge-on-original-teeth";"";"Potrebna provjera/odluka; nema novog statičkog ekvivalenta ni odobrene 301, PHP fallback nije testiran";""
"https://www.dentvitalis.com/de/keramikbrucke-auf-naturlichen-zahnen";"";"Potrebna provjera/odluka; nema novog statičkog ekvivalenta ni odobrene 301, PHP fallback nije testiran";""
"https://www.dentvitalis.com/hr/keramicki-most-na-prirodnim-zubima";"https://www.dentvitalis.com/hr/krunice-ljuskice-mostovi-i-proteze";"Postojeća ili odobrena redirekcija 301";"/hr/keramicki-most-na-prirodnim-zubima -> /hr/krunice-ljuskice-mostovi-i-proteze"
"https://www.dentvitalis.com/corona-su-impianto";"";"Potrebna provjera/odluka; nema novog statičkog ekvivalenta ni odobrene 301, PHP fallback nije testiran";""
"https://www.dentvitalis.com/si/kronica-na-implantatu";"";"Potrebna provjera/odluka; nema novog statičkog ekvivalenta ni odobrene 301, PHP fallback nije testiran";""
"https://www.dentvitalis.com/en/a-crown-on-an-implant";"";"Potrebna provjera/odluka; nema novog statičkog ekvivalenta ni odobrene 301, PHP fallback nije testiran";""
"https://www.dentvitalis.com/de/krone-auf-implantat";"";"Potrebna provjera/odluka; nema novog statičkog ekvivalenta ni odobrene 301, PHP fallback nije testiran";""
"https://www.dentvitalis.com/hr/krunica-na-implantatu";"";"Potrebna provjera/odluka; nema novog statičkog ekvivalenta ni odobrene 301, PHP fallback nije testiran";""
"https://www.dentvitalis.com/corona-su-dente-naturale";"";"Potrebna provjera/odluka; nema novog statičkog ekvivalenta ni odobrene 301, PHP fallback nije testiran";""
"https://www.dentvitalis.com/si/kronica-na-naravnem-zobu";"";"Potrebna provjera/odluka; nema novog statičkog ekvivalenta ni odobrene 301, PHP fallback nije testiran";""
"https://www.dentvitalis.com/en/a-crown-on-the-original-tooth";"";"Potrebna provjera/odluka; nema novog statičkog ekvivalenta ni odobrene 301, PHP fallback nije testiran";""
"https://www.dentvitalis.com/de/krone-auf-naturlichem-zahn";"";"Potrebna provjera/odluka; nema novog statičkog ekvivalenta ni odobrene 301, PHP fallback nije testiran";""
"https://www.dentvitalis.com/hr/krunica-na-prirodnom-zubu";"";"Potrebna provjera/odluka; nema novog statičkog ekvivalenta ni odobrene 301, PHP fallback nije testiran";""
"https://www.dentvitalis.com/faccette";"";"Potrebna provjera/odluka; nema novog statičkog ekvivalenta ni odobrene 301, PHP fallback nije testiran";""
"https://www.dentvitalis.com/si/luskice";"";"Potrebna provjera/odluka; nema novog statičkog ekvivalenta ni odobrene 301, PHP fallback nije testiran";""
"https://www.dentvitalis.com/en/veneers";"";"Potrebna provjera/odluka; nema novog statičkog ekvivalenta ni odobrene 301, PHP fallback nije testiran";""
"https://www.dentvitalis.com/de/veneers";"";"Potrebna provjera/odluka; nema novog statičkog ekvivalenta ni odobrene 301, PHP fallback nije testiran";""
"https://www.dentvitalis.com/hr/ljuskice";"";"Potrebna provjera/odluka; nema novog statičkog ekvivalenta ni odobrene 301, PHP fallback nije testiran";""
"https://www.dentvitalis.com/corone";"";"Potrebna provjera/odluka; nema novog statičkog ekvivalenta ni odobrene 301, PHP fallback nije testiran";""
"https://www.dentvitalis.com/si/kronice";"";"Potrebna provjera/odluka; nema novog statičkog ekvivalenta ni odobrene 301, PHP fallback nije testiran";""
"https://www.dentvitalis.com/en/crowns";"";"Potrebna provjera/odluka; nema novog statičkog ekvivalenta ni odobrene 301, PHP fallback nije testiran";""
"https://www.dentvitalis.com/de/kronen";"";"Potrebna provjera/odluka; nema novog statičkog ekvivalenta ni odobrene 301, PHP fallback nije testiran";""
"https://www.dentvitalis.com/hr/krunice";"";"Potrebna provjera/odluka; nema novog statičkog ekvivalenta ni odobrene 301, PHP fallback nije testiran";""
"https://www.dentvitalis.com/sbiancamento-dentale";"";"Potrebna provjera/odluka; nema novog statičkog ekvivalenta ni odobrene 301, PHP fallback nije testiran";""
"https://www.dentvitalis.com/si/beljenje-zob";"https://www.dentvitalis.com/si/beljenje-zob";"Ista adresa";""
"https://www.dentvitalis.com/en/dental-bleaching";"";"Potrebna provjera/odluka; nema novog statičkog ekvivalenta ni odobrene 301, PHP fallback nije testiran";""
"https://www.dentvitalis.com/de/zahnaufhellung";"https://www.dentvitalis.com/de/zahnaufhellung";"Ista adresa";""
"https://www.dentvitalis.com/hr/izbjeljivanje-zuba";"";"Potrebna provjera/odluka; nema novog statičkog ekvivalenta ni odobrene 301, PHP fallback nije testiran";""
"https://www.dentvitalis.com/allungamento-clinico-della-corona-del-dente-naturale";"";"Potrebna provjera/odluka; nema novog statičkog ekvivalenta ni odobrene 301, PHP fallback nije testiran";""
"https://www.dentvitalis.com/si/klinicno-podaljsanje-krone-naravnega-zoba";"";"Potrebna provjera/odluka; nema novog statičkog ekvivalenta ni odobrene 301, PHP fallback nije testiran";""
"https://www.dentvitalis.com/en/clinical-extension-of-the-original-tooths-crown";"";"Potrebna provjera/odluka; nema novog statičkog ekvivalenta ni odobrene 301, PHP fallback nije testiran";""
"https://www.dentvitalis.com/de/klinische-erweiterung-der-naturlichen-zahnkrone";"";"Potrebna provjera/odluka; nema novog statičkog ekvivalenta ni odobrene 301, PHP fallback nije testiran";""
"https://www.dentvitalis.com/hr/klinicko-produzenje-krune-prirodnog-zuba";"https://www.dentvitalis.com/hr/klinicko-produzenje-krune-prirodnog-zuba";"Zadržana PHP stranica; provjeriti na hostingu";""
"https://www.dentvitalis.com/ponte-di-tre-pezzi";"";"Potrebna provjera/odluka; nema novog statičkog ekvivalenta ni odobrene 301, PHP fallback nije testiran";""
"https://www.dentvitalis.com/si/triclenski-mosticek-kronice";"";"Potrebna provjera/odluka; nema novog statičkog ekvivalenta ni odobrene 301, PHP fallback nije testiran";""
"https://www.dentvitalis.com/en/three-component-bridge";"";"Potrebna provjera/odluka; nema novog statičkog ekvivalenta ni odobrene 301, PHP fallback nije testiran";""
"https://www.dentvitalis.com/de/dreigliedrige-brucke";"";"Potrebna provjera/odluka; nema novog statičkog ekvivalenta ni odobrene 301, PHP fallback nije testiran";""
"https://www.dentvitalis.com/hr/most-od-tri-clana";"";"Potrebna provjera/odluka; nema novog statičkog ekvivalenta ni odobrene 301, PHP fallback nije testiran";""
"https://www.dentvitalis.com/protesi-parziale-con-base-in-metallo";"";"Potrebna provjera/odluka; nema novog statičkog ekvivalenta ni odobrene 301, PHP fallback nije testiran";""
"https://www.dentvitalis.com/si/delna-proteza-s-kovinsko-osnovo";"";"Potrebna provjera/odluka; nema novog statičkog ekvivalenta ni odobrene 301, PHP fallback nije testiran";""
"https://www.dentvitalis.com/en/partial-prosthetic-device-with-a-metal-base";"";"Potrebna provjera/odluka; nema novog statičkog ekvivalenta ni odobrene 301, PHP fallback nije testiran";""
"https://www.dentvitalis.com/de/partielle-prothese-mit-metallbasis";"";"Potrebna provjera/odluka; nema novog statičkog ekvivalenta ni odobrene 301, PHP fallback nije testiran";""
"https://www.dentvitalis.com/hr/parcijalna-proteza-s-metalnom-bazom";"";"Potrebna provjera/odluka; nema novog statičkog ekvivalenta ni odobrene 301, PHP fallback nije testiran";""
"https://www.dentvitalis.com/informativa-sulla-privacy";"https://www.dentvitalis.com/informativa-sulla-privacy";"Ista adresa";""
"https://www.dentvitalis.com/si/politika-zasebnosti";"https://www.dentvitalis.com/si/politika-zasebnosti";"Ista adresa";""
"https://www.dentvitalis.com/en/privacy-policy";"https://www.dentvitalis.com/en/privacy-policy";"Ista adresa";""
"https://www.dentvitalis.com/de/datenschutzerklarung";"https://www.dentvitalis.com/de/datenschutzerklarung";"Ista adresa";""
"https://www.dentvitalis.com/hr/polica-privatnosti";"https://www.dentvitalis.com/hr/polica-privatnosti";"Ista adresa";""
"https://www.dentvitalis.com/registrazione";"";"Potrebna provjera/odluka; nema novog statičkog ekvivalenta ni odobrene 301, PHP fallback nije testiran";""
"https://www.dentvitalis.com/si/registracija";"";"Potrebna provjera/odluka; nema novog statičkog ekvivalenta ni odobrene 301, PHP fallback nije testiran";""
"https://www.dentvitalis.com/en/registration";"";"Potrebna provjera/odluka; nema novog statičkog ekvivalenta ni odobrene 301, PHP fallback nije testiran";""
"https://www.dentvitalis.com/de/registrierung";"";"Potrebna provjera/odluka; nema novog statičkog ekvivalenta ni odobrene 301, PHP fallback nije testiran";""
"https://www.dentvitalis.com/hr/registration";"";"Potrebna provjera/odluka; nema novog statičkog ekvivalenta ni odobrene 301, PHP fallback nije testiran";""
"https://www.dentvitalis.com/protesi-su-impianti";"";"Potrebna provjera/odluka; nema novog statičkog ekvivalenta ni odobrene 301, PHP fallback nije testiran";""
"https://www.dentvitalis.com/si/proteza-na-implantatih";"";"Potrebna provjera/odluka; nema novog statičkog ekvivalenta ni odobrene 301, PHP fallback nije testiran";""
"https://www.dentvitalis.com/en/denture-on-implants";"";"Potrebna provjera/odluka; nema novog statičkog ekvivalenta ni odobrene 301, PHP fallback nije testiran";""
"https://www.dentvitalis.com/de/prothese-auf-implantaten";"";"Potrebna provjera/odluka; nema novog statičkog ekvivalenta ni odobrene 301, PHP fallback nije testiran";""
"https://www.dentvitalis.com/hr/proteza-na-implantatima";"";"Potrebna provjera/odluka; nema novog statičkog ekvivalenta ni odobrene 301, PHP fallback nije testiran";""
"https://www.dentvitalis.com/protesi-ancorate-su-corone-telescopiche";"";"Potrebna provjera/odluka; nema novog statičkog ekvivalenta ni odobrene 301, PHP fallback nije testiran";""
"https://www.dentvitalis.com/si/proteza-sidrana-na-teleskopskih-kronicah";"";"Potrebna provjera/odluka; nema novog statičkog ekvivalenta ni odobrene 301, PHP fallback nije testiran";""
"https://www.dentvitalis.com/en/prosthetic-device-anchored-on-telescopic-crowns";"";"Potrebna provjera/odluka; nema novog statičkog ekvivalenta ni odobrene 301, PHP fallback nije testiran";""
"https://www.dentvitalis.com/de/prothese-auf-teleskopkronen-verankert";"";"Potrebna provjera/odluka; nema novog statičkog ekvivalenta ni odobrene 301, PHP fallback nije testiran";""
"https://www.dentvitalis.com/hr/proteza-sidrena-na-teleskopskim-krunicama";"";"Potrebna provjera/odluka; nema novog statičkog ekvivalenta ni odobrene 301, PHP fallback nije testiran";""
"https://www.dentvitalis.com/condizioni-di-utilizzo";"https://www.dentvitalis.com/condizioni-di-utilizzo";"Ista adresa";""
"https://www.dentvitalis.com/si/pogoji-uporabe";"https://www.dentvitalis.com/si/pogoji-uporabe";"Ista adresa";""
"https://www.dentvitalis.com/en/terms-of-use";"https://www.dentvitalis.com/en/terms-of-use";"Ista adresa";""
"https://www.dentvitalis.com/de/nutzungsbedingungen";"https://www.dentvitalis.com/de/nutzungsbedingungen";"Ista adresa";""
"https://www.dentvitalis.com/hr/uvjeti-koristenja";"https://www.dentvitalis.com/hr/uvjeti-koristenja";"Ista adresa";""
"https://www.dentvitalis.com/alloggio";"https://www.dentvitalis.com/informazioni/alloggio";"Postojeća ili odobrena redirekcija 301";"/alloggio -> /informazioni/alloggio"
"https://www.dentvitalis.com/en/accommodation";"https://www.dentvitalis.com/en/accommodation";"Ista adresa";""
"https://www.dentvitalis.com/de/unterkunft";"https://www.dentvitalis.com/de/unterkunft";"Ista adresa";""
"https://www.dentvitalis.com/trasferta";"";"Potrebna provjera/odluka; nema novog statičkog ekvivalenta ni odobrene 301, PHP fallback nije testiran";""
"https://www.dentvitalis.com/protesi";"";"Potrebna provjera/odluka; nema novog statičkog ekvivalenta ni odobrene 301, PHP fallback nije testiran";""
"https://www.dentvitalis.com/laboratorio-odontotecnico";"";"Potrebna provjera/odluka; nema novog statičkog ekvivalenta ni odobrene 301, PHP fallback nije testiran";""
"https://www.dentvitalis.com/decisione-implantologia";"";"Potrebna provjera/odluka; nema novog statičkog ekvivalenta ni odobrene 301, PHP fallback nije testiran";""
"https://www.dentvitalis.com/registration-fb";"";"Potrebna provjera/odluka; nema novog statičkog ekvivalenta ni odobrene 301, PHP fallback nije testiran";""
"https://www.dentvitalis.com/si/registracija-fb";"";"Potrebna provjera/odluka; nema novog statičkog ekvivalenta ni odobrene 301, PHP fallback nije testiran";""
"https://www.dentvitalis.com/registration-fb2";"";"Potrebna provjera/odluka; nema novog statičkog ekvivalenta ni odobrene 301, PHP fallback nije testiran";""
